Title,Price,Discount,Star Rating,Rating Count,Reviews Count,Category
"Samsung Galaxy S24 5G Snapdragon (Marble Gray, 128 GB)",40999,45.0,4.6,46887,2583,Premium
"realme P4x 5G (Matte Silver, 128 GB)",15999,11.0,4.4,2128,233,Mid
"realme C61 (Marble Black, 64 GB)",6999,22.0,4.3,39071,1258,Budget
"POCO C71 (Desert Gold, 128 GB)",7299,27.0,4.1,28811,1359,Budget
"Samsung Galaxy A35 5G (Awesome Lilac, 128 GB)",18499,45.0,4.4,64204,3720,Mid
"Samsung Galaxy F36 5G (Red, 128 GB)",16999,33.0,4.3,8359,479,Mid
"MOTOROLA g57 power 5G (Pantone Corsair, 128 GB)",14999,16.0,4.5,4158,261,Mid
"Samsung Galaxy F07 (Green, 64 GB)",6799,32.0,4.2,2067,108,Budget
"MOTOROLA g35 5G (Leaf Green, 128 GB)",9999,20.0,4.2,113674,7116,Budget
"Ai+ Pulse (Black, 64 GB)",5999,25.0,4.3,38924,2401,Budget
"Samsung Galaxy F36 5G (Violet, 128 GB)",16999,33.0,4.3,8359,479,Mid
"Samsung Galaxy F36 5G (Black, 128 GB)",16999,33.0,4.3,8359,479,Mid
"REDMI Note 14 SE 5G (Crimson Art, 128 GB)",13499,32.0,4.3,19385,799,Mid
"MOTOROLA g67 power 5G (Pantone Cilantro, 128 GB)",16999,10.0,4.4,3954,255,Mid
"MOTOROLA g35 5G (Midnight Black, 128 GB)",9999,20.0,4.2,113674,7116,Budget
"POCO M7 5G (Ocean Blue, 128 GB)",9599,26.0,4.1,67747,3149,Budget
"Samsung Galaxy S24 5G Snapdragon (Cobalt Violet, 256 GB)",45999,42.0,4.6,46887,2583,Premium
"Google Pixel 10 (Indigo, 256 GB)",79999,,4.5,1217,80,Luxury
"realme C61 (Safari Green, 64 GB)",6999,22.0,4.3,39071,1258,Budget
"POCO M7 5G (Mint Green, 128 GB)",10599,24.0,4.2,14417,698,Mid
"Samsung Galaxy F36 5G (Black, 256 GB)",21499,28.0,4.2,4179,287,Mid
"Samsung Galaxy F36 5G (Black, 128 GB)",18499,31.0,4.2,4179,287,Mid
"POCO M7 5G (Satin Black, 128 GB)",9599,26.0,4.1,67747,3149,Budget
"MOTOROLA g05 (Forest Green, 64 GB)",7299,27.0,4.2,73852,4529,Budget
"Motorola Edge 50 Fusion (Forest Green, 128 GB)",17999,30.0,4.4,139984,8881,Mid
"MOTOROLA g35 5G (Midnight Black, 128 GB)",12499,19.0,4.2,4774,225,Mid
"Samsung Galaxy S24 5G Snapdragon (Marble Gray, 128 GB)",40999,45.0,4.6,46887,2583,Premium
"realme P4x 5G (Matte Silver, 128 GB)",15999,11.0,4.4,2128,233,Mid
"MOTOROLA g35 5G (Guava Red, 128 GB)",9999,20.0,4.2,113674,7116,Budget
"vivo T4R 5G (Twilight Blue, 128 GB)",20999,10.0,4.5,47882,2125,Mid
"Samsung Galaxy A35 5G (Awesome Lilac, 128 GB)",18499,45.0,4.4,64204,3720,Mid
"Samsung Galaxy F36 5G (Red, 128 GB)",16999,33.0,4.3,8359,479,Mid
"OnePlus Nord CE5 5G (Nexus Blue, 128 GB)",24968,,4.5,5762,316,Mid
"MOTOROLA g06 power (Pantone Tendril, 64 GB)",7999,20.0,4.3,2920,211,Budget
"OPPO K13x 5G 6000mAh and 45W SUPERVOOC Charger & AI (Sunset Peach, 128 GB)",12499,21.0,4.4,20572,1586,Mid
"MOTOROLA G96 5G (Pantone Greener Pastures, 256 GB)",19999,13.0,4.4,76829,3849,Mid
"Samsung Galaxy F36 5G (Violet, 128 GB)",16999,33.0,4.3,8359,479,Mid
"Samsung Galaxy A35 5G (Awesome Navy, 256 GB)",20499,44.0,4.4,64204,3720,Mid
"vivo T4x 5G (Pronto Purple, 128 GB)",15499,13.0,4.4,194611,8617,Mid
"realme C71 (Obsidian Black, 64 GB)",7797,13.0,4.3,517,18,Budget
"Samsung Galaxy F36 5G (Black, 128 GB)",16999,33.0,4.3,8359,479,Mid
"Samsung Galaxy S24 5G Snapdragon (Cobalt Violet, 256 GB)",45999,42.0,4.6,46887,2583,Premium
"MOTOROLA g05 (Plum Red, 64 GB)",7299,27.0,4.2,73852,4529,Budget
"realme Narzo 80 Lite 4G (Obsidian Black, 128 GB)",8499,22.0,4.3,1077,57,Budget
"POCO C71 (Power Black, 64 GB)",8999,,3.9,53179,2405,Budget
"CMF by Nothing Phone 2 Pro (White, 128 GB)",18999,17.0,4.4,63220,4344,Mid
"Google Pixel 10 (Indigo, 256 GB)",79999,,4.5,1217,80,Luxury
"Samsung Galaxy F36 5G (Black, 256 GB)",21499,28.0,4.2,4179,287,Mid
"Samsung Galaxy F06 5G (Bahama Blue, 64 GB)",8499,39.0,4.2,37263,2204,Budget
"MOTOROLA g06 power (Tapestry, 64 GB)",7999,20.0,4.3,2877,208,Budget
"Samsung Galaxy S24 5G Snapdragon (Marble Gray, 128 GB)",40999,45.0,4.6,46887,2583,Premium
"realme P4x 5G (Matte Silver, 128 GB)",15999,11.0,4.4,2128,233,Mid
"MOTOROLA Edge 60 Stylus (PANTONE Gibraltar Sea, 256 GB)",19999,31.0,4.3,13429,988,Mid
"MOTOROLA Edge 60 Stylus (PANTONE Surf the Web, 256 GB)",19999,31.0,4.3,13429,988,Mid
"Samsung Galaxy F06 5G (Lit Violet, 128 GB)",8999,41.0,4.2,37263,2204,Budget
"POCO X7 Pro 5G (Yellow, 256 GB)",21999,31.0,4.3,15783,1675,Mid
"Samsung Galaxy A35 5G (Awesome Lilac, 128 GB)",18499,45.0,4.4,64204,3720,Mid
"Samsung Galaxy F36 5G (Red, 128 GB)",16999,33.0,4.3,8359,479,Mid
"Ai+ Pulse (Blue, 64 GB)",5999,25.0,4.3,38924,2401,Budget
"realme C71 (Sea Blue, 128 GB)",9699,11.0,4.2,7553,293,Budget
"Samsung Galaxy F36 5G (Violet, 128 GB)",16999,33.0,4.3,8359,479,Mid
"Samsung Galaxy A35 5G (Awesome Navy, 256 GB)",20499,44.0,4.4,64204,3720,Mid
"vivo T4x 5G (Marine Blue, 128 GB)",15499,13.0,4.4,194611,8617,Mid
"POCO C75 5G (Silver Stardust, 64 GB)",8299,24.0,4.2,140782,6233,Budget
"OnePlus Nord CE4 lite 5G (SUPER SILVER, 128 GB)",20999,,4.4,35689,1664,Mid
"CMF by Nothing Phone 2 Pro (Orange, 128 GB)",18999,17.0,4.4,63220,4344,Mid
"Samsung Galaxy F36 5G (Black, 128 GB)",16999,33.0,4.3,8359,479,Mid
"Samsung Galaxy S24 5G Snapdragon (Cobalt Violet, 256 GB)",45999,42.0,4.6,46887,2583,Premium
"vivo T4x 5G (Pronto Purple, 256 GB)",18499,11.0,4.4,145197,6900,Mid
"CMF by Nothing Phone 2 Pro (Light Green, 128 GB)",18999,17.0,4.4,63220,4344,Mid
"Google Pixel 10 (Indigo, 256 GB)",79999,,4.5,1217,80,Luxury
"Samsung Galaxy F36 5G (Black, 256 GB)",21499,28.0,4.2,4179,287,Mid
"OPPO K13x 5G 6000mAh and 45W SUPERVOOC Charger & AI (Midnight Violet, 128 GB)",12499,21.0,4.4,20572,1586,Mid
"OnePlus Nord CE5 5G (Black Infinity, 256 GB)",26980,,4.5,5762,316,Mid
"realme Narzo 80 Lite 4G (Beach Gold, 64 GB)",7278,19.0,4.3,1643,66,Budget
"POCO M7 5G (Mint Green, 128 GB)",9599,26.0,4.1,67747,3149,Budget
"Samsung Galaxy S24 5G Snapdragon (Marble Gray, 128 GB)",40999,45.0,4.6,46887,2583,Premium
"realme P4x 5G (Matte Silver, 128 GB)",15999,11.0,4.4,2128,233,Mid
"MOTOROLA Edge 60 Pro (Pantone Shadow, 256 GB)",33999,17.0,4.3,12995,1075,Premium
"realme 14 Pro+ 5G (Emerald Drift, 256 GB)",23999,33.0,4.4,16802,1969,Mid
"Samsung Galaxy A35 5G (Awesome Lilac, 128 GB)",18499,45.0,4.4,64204,3720,Mid
"Samsung Galaxy F36 5G (Red, 128 GB)",16999,33.0,4.3,8359,479,Mid
"POCO F7 5G (Phantom Black, 512 GB)",33999,10.0,4.4,18356,1807,Premium
"OPPO K13x 5G 6000mAh and 45W SUPERVOOC Charger & AI (Breeze Blue, 128 GB)",13999,17.0,4.5,79155,5931,Mid
"Samsung Galaxy F06 5G (Lit Violet, 64 GB)",8499,32.0,4.2,37263,2204,Budget
"vivo T4x 5G (Marine Blue, 256 GB)",18499,11.0,4.4,145197,6900,Mid
"Samsung Galaxy F36 5G (Violet, 128 GB)",16999,33.0,4.3,8359,479,Mid
"Samsung Galaxy A35 5G (Awesome Navy, 256 GB)",20499,44.0,4.4,64204,3720,Mid
"POCO M7 5G (Satin Black, 128 GB)",10599,24.0,4.2,14417,698,Mid
"MOTOROLA G86 Power 5G (Pantone Golden Cypress, 128 GB)",17999,10.0,4.3,23903,1553,Mid
"Samsung Galaxy F36 5G (Black, 128 GB)",16999,33.0,4.3,8359,479,Mid
"Samsung Galaxy S24 5G Snapdragon (Cobalt Violet, 256 GB)",45999,42.0,4.6,46887,2583,Premium
"IQOO Z10X 5G (Ultramarine, 256 GB)",18149,11.0,4.4,4502,218,Mid
"CMF by Nothing Phone 2 Pro (Black, 256 GB)",20999,16.0,4.4,63220,4344,Mid
"MOTOROLA Edge 60 Pro (Pantone Shadow, 256 GB)",29999,18.0,4.3,42114,3151,Mid
"realme P4 5G (Engine Blue, 128 GB)",17999,14.0,4.4,17272,1105,Mid
"Samsung Galaxy S24 5G Snapdragon (Marble Gray, 128 GB)",40999,45.0,4.6,46887,2583,Premium
"realme P4x 5G (Matte Silver, 128 GB)",15999,11.0,4.4,2128,233,Mid
"OnePlus Nord CE4 (Celadon Marble, 128 GB)",20990,16.0,4.4,27559,1508,Mid
"vivo T4 5G (Emerald Blaze, 256 GB)",24999,10.0,4.5,88766,4006,Mid
"Samsung Galaxy A35 5G (Awesome Lilac, 128 GB)",18499,45.0,4.4,64204,3720,Mid
"Samsung Galaxy F36 5G (Red, 128 GB)",16999,33.0,4.3,8359,479,Mid
"vivo T4 5G (Phantom Grey, 128 GB)",22999,11.0,4.5,88766,4006,Mid
"OnePlus Nord CE5 5G (Marble Mist, 256 GB)",26869,,4.5,5762,316,Mid
"vivo T4R 5G (Arctic White, 128 GB)",20999,10.0,4.5,47882,2125,Mid
"realme Narzo 80x 5G (Sunlit Gold, 128 GB)",12937,19.0,4.2,1631,57,Mid
"Samsung Galaxy F36 5G (Violet, 128 GB)",16999,33.0,4.3,8359,479,Mid
"Samsung Galaxy A35 5G (Awesome Navy, 256 GB)",20499,44.0,4.4,64204,3720,Mid
"vivo T4x 5G (Glacial Teal, 256 GB)",18499,11.0,4.4,145197,6900,Mid
"realme Narzo 80x 5G (Deep Ocean, 128 GB)",13490,20.0,4.3,2187,87,Mid
"Samsung Galaxy F36 5G (Black, 128 GB)",16999,33.0,4.3,8359,479,Mid
"Samsung Galaxy S24 5G Snapdragon (Cobalt Violet, 256 GB)",45999,42.0,4.6,46887,2583,Premium
"Infinix Note 50s 5G+ (Titanium Grey, 128 GB)",16999,15.0,4.4,9004,572,Mid
"realme P3x 5G (Midnight Blue, 128 GB)",13999,22.0,4.4,22475,922,Mid
"POCO C85 5G (Mystic Purple, 128 GB)",12999,16.0,4.2,61,3,Mid
"POCO M6 Plus 5G (Ice Silver, 128 GB)",11044,38.0,4.2,16978,992,Mid
"Google Pixel 10 (Indigo, 256 GB)",79999,,4.5,1217,80,Luxury
"Samsung Galaxy F36 5G (Black, 256 GB)",21499,28.0,4.2,4179,287,Mid
"OnePlus Nord CE5 5G (Marble Mist, 128 GB)",24887,,4.5,5762,316,Mid
"OPPO K13 5G with 7000mAh and 80W SUPERVOOC Charger In-The-Box (Icy Purple, 128 GB)",19999,13.0,4.5,71815,4313,Mid
"Samsung Galaxy S24 5G Snapdragon (Marble Gray, 128 GB)",40999,45.0,4.6,46887,2583,Premium
"realme P4x 5G (Matte Silver, 128 GB)",15999,11.0,4.4,2128,233,Mid
"POCO C71 (Desert Gold, 128 GB)",7299,27.0,4.1,28811,1359,Budget
"Samsung Galaxy F36 5G (Black, 128 GB)",16999,33.0,4.3,8359,479,Mid
"POCO M6 Plus 5G (Misty Lavender, 128 GB)",11399,36.0,4.2,16978,992,Mid
"POCO M7 5G (Mint Green, 128 GB)",9599,26.0,4.1,67747,3149,Budget
"Samsung Galaxy A35 5G (Awesome Lilac, 128 GB)",18499,45.0,4.4,64204,3720,Mid
"Samsung Galaxy F36 5G (Red, 128 GB)",16999,33.0,4.3,8359,479,Mid
"MOTOROLA G96 5G (Pantone Cattleya Orchid, 128 GB)",18999,9.0,4.4,76829,3849,Mid
"realme C61 (Marble Black, 128 GB)",8199,25.0,4.3,21766,790,Budget
"Samsung Galaxy F36 5G (Violet, 128 GB)",16999,33.0,4.3,8359,479,Mid
"Samsung Galaxy A35 5G (Awesome Navy, 256 GB)",20499,44.0,4.4,64204,3720,Mid
"MOTOROLA G96 5G (Pantone Ashleigh Blue, 128 GB)",18999,9.0,4.4,76829,3849,Mid
"OnePlus Nord CE5 5G (Nexus Blue, 256 GB)",26884,,4.5,5762,316,Mid
"vivo T4 5G (Phantom Grey, 128 GB)",22999,11.0,4.5,88766,4006,Mid
"MOTOROLA Edge 60 Stylus (PANTONE Gibraltar Sea, 256 GB)",19999,31.0,4.3,13429,988,Mid
"Samsung Galaxy S24 5G Snapdragon (Cobalt Violet, 256 GB)",45999,42.0,4.6,46887,2583,Premium
"Google Pixel 10 (Indigo, 256 GB)",79999,,4.5,1217,80,Luxury
"vivo T4x 5G (Glacial Teal, 128 GB)",15499,13.0,4.4,194611,8617,Mid
"OnePlus Nord CE5 5G (Black Infinity, 256 GB)",26980,,4.5,5762,316,Mid
"Samsung Galaxy F36 5G (Black, 256 GB)",21499,28.0,4.2,4179,287,Mid
"Samsung Galaxy F36 5G (Black, 128 GB)",18499,31.0,4.2,4179,287,Mid
"OnePlus Nord 5 5G (Marble Sands, 256 GB)",34999,,4.5,1820,120,Premium
"OnePlus Nord 5 5G (Dry Ice, 256 GB)",32882,6.0,4.5,1820,120,Premium
"MOTOROLA Edge 60 Pro (Pantone Shadow, 512 GB)",37999,11.0,4.4,2136,155,Premium
"Samsung Galaxy F06 5G (Bahama Blue, 128 GB)",9999,41.0,4.2,18912,1206,Budget
"Samsung Galaxy S24 5G Snapdragon (Marble Gray, 128 GB)",40999,45.0,4.6,46887,2583,Premium
"realme P4x 5G (Matte Silver, 128 GB)",15999,11.0,4.4,2128,233,Mid
"vivo T4 5G (Phantom Grey, 256 GB)",24999,10.0,4.5,88766,4006,Mid
"REDMI A4 (Starry Black, 64 GB)",8581,21.0,4.3,12755,547,Budget
"Samsung Galaxy A35 5G (Awesome Lilac, 128 GB)",18499,45.0,4.4,64204,3720,Mid
"Samsung Galaxy F36 5G (Red, 128 GB)",16999,33.0,4.3,8359,479,Mid
"OnePlus Nord CE4 lite 5G (MEGA BLUE, 128 GB)",17899,14.0,4.4,35689,1664,Mid
"OnePlus Nord CE5 5G (Black Infinity, 256 GB)",28938,,4.4,359,17,Mid
"POCO M7 Plus 5G (Aqua Blue, 128 GB)",13999,17.0,4.3,5040,281,Mid
"Samsung Galaxy A35 5G (Awesome Navy, 128 GB)",18499,45.0,4.4,64204,3720,Mid
"Samsung Galaxy F36 5G (Violet, 128 GB)",16999,33.0,4.3,8359,479,Mid
"Samsung Galaxy A35 5G (Awesome Navy, 256 GB)",20499,44.0,4.4,64204,3720,Mid
"Apple iPhone 14 (Starlight, 128 GB)",47999,12.0,4.6,320995,11920,Premium
"Samsung Galaxy A55 5G (Awesome Navy, 256 GB)",26933,41.0,4.4,5718,330,Mid
"Samsung Galaxy F36 5G (Black, 128 GB)",16999,33.0,4.3,8359,479,Mid
"Samsung Galaxy S24 5G Snapdragon (Cobalt Violet, 256 GB)",45999,42.0,4.6,46887,2583,Premium
"REDMI 13 5G (Black Diamond, 128 GB)",12994,35.0,4.2,14263,753,Mid
"vivo T4 5G (Emerald Blaze, 128 GB)",22999,11.0,4.5,88766,4006,Mid
"MOTOROLA G96 5G (Pantone Greener Pastures, 128 GB)",18999,9.0,4.4,76829,3849,Mid
"OnePlus Nord 5 5G (Dry Ice, 256 GB)",37477,1.0,4.5,1264,93,Premium
"Google Pixel 10 (Indigo, 256 GB)",79999,,4.5,1217,80,Luxury
"Samsung Galaxy F36 5G (Black, 256 GB)",21499,28.0,4.2,4179,287,Mid
"realme Narzo 80 Lite 5G (Onyx Black, 128 GB)",11490,17.0,4.3,606,30,Mid
"Ai+ Pulse (Black, 64 GB)",5999,25.0,4.3,38924,2401,Budget
"Samsung Galaxy S24 5G Snapdragon (Marble Gray, 128 GB)",40999,45.0,4.6,46887,2583,Premium
"realme P4x 5G (Matte Silver, 128 GB)",15999,11.0,4.4,2128,233,Mid
"Samsung Galaxy F06 5G (Bahama Blue, 64 GB)",8499,39.0,4.2,37263,2204,Budget
"realme C71 (Obsidian Black, 128 GB)",9699,11.0,4.2,7553,293,Budget
"OPPO K13 5G with 7000mAh and 80W SUPERVOOC Charger In-The-Box (Icy Purple, 128 GB)",19999,13.0,4.5,71815,4313,Mid
"vivo T4 Pro 5G (Blaze Gold, 256 GB)",29999,14.0,4.5,11695,746,Mid
"Samsung Galaxy A35 5G (Awesome Lilac, 128 GB)",18499,45.0,4.4,64204,3720,Mid
"Samsung Galaxy F36 5G (Red, 128 GB)",16999,33.0,4.3,8359,479,Mid
"Samsung Galaxy A16 5G (Gold, 128 GB)",14509,27.0,4.2,4094,181,Mid
"Google Pixel 9A (Iris, 256 GB)",44999,10.0,4.4,4514,312,Premium
"Samsung Galaxy F36 5G (Violet, 128 GB)",16999,33.0,4.3,8359,479,Mid
"Samsung Galaxy A35 5G (Awesome Navy, 256 GB)",20499,44.0,4.4,64204,3720,Mid
"Samsung Galaxy S24 5G Snapdragon (Cobalt Violet, 256 GB)",45999,42.0,4.6,46887,2583,Premium
"REDMI 15 5G (Midnight Black, 256 GB)",17453,12.0,4.3,2367,124,Mid
"OnePlus Nord CE4 (Celadon Marble, 128 GB)",20990,16.0,4.4,27559,1508,Mid
"POCO M7 Plus 5G (Chrome Silver, 128 GB)",14999,16.0,4.3,3121,181,Mid
"Samsung Galaxy F36 5G (Black, 128 GB)",16999,33.0,4.3,8359,479,Mid
"Google Pixel 10 (Indigo, 256 GB)",79999,,4.5,1217,80,Luxury
"Apple iPhone 14 (Blue, 128 GB)",47999,12.0,4.6,320995,11920,Premium
"realme P3 Lite 5G Charger in the Box (Midnight Lily, 128 GB)",12999,7.0,4.4,9547,394,Mid
"Samsung Galaxy F36 5G (Black, 256 GB)",21499,28.0,4.2,4179,287,Mid
"Samsung Galaxy F36 5G (Black, 128 GB)",18499,31.0,4.2,4179,287,Mid
"MOTOROLA Edge 60 Fusion 5G (PANTONE Amazonite, 256 GB)",24999,10.0,4.4,44366,2316,Mid
"POCO C75 5G (Enchanted Green, 128 GB)",8749,23.0,4.2,140782,6233,Budget
"POCO M7 5G (Ocean Blue, 128 GB)",10599,24.0,4.2,14417,698,Mid
"IQOO Z10X 5G (Titanium, 128 GB)",16690,12.0,4.4,4502,218,Mid
"Samsung Galaxy S24 5G Snapdragon (Marble Gray, 128 GB)",40999,45.0,4.6,46887,2583,Premium
"realme P4x 5G (Matte Silver, 128 GB)",15999,11.0,4.4,2128,233,Mid
"vivo T4 Pro 5G (Blaze Gold, 256 GB)",31999,13.0,4.5,2898,208,Premium
"OnePlus 13s 5G (Black Velvet, 256 GB)",52986,8.0,4.5,1240,95,Premium
"Samsung Galaxy A35 5G (Awesome Lilac, 128 GB)",18499,45.0,4.4,64204,3720,Mid
"Samsung Galaxy F36 5G (Red, 128 GB)",16999,33.0,4.3,8359,479,Mid
"IQOO Z10X 5G (Ultramarine, 128 GB)",16649,12.0,4.4,4502,218,Mid
"Tecno Pova 7 5G (Oasis Green, 256 GB)",15999,20.0,4.4,8178,617,Mid
"MOTOROLA Edge 60 Pro (Pantone Sparkling Grape, 512 GB)",37999,11.0,4.4,2136,155,Premium
"Tecno Pova 7 5G (Magic Silver, 128 GB)",14249,25.0,4.4,8178,617,Mid
"Samsung Galaxy F36 5G (Violet, 128 GB)",16999,33.0,4.3,8359,479,Mid
"Samsung Galaxy A35 5G (Awesome Navy, 256 GB)",20499,44.0,4.4,64204,3720,Mid
"realme P4x 5G (Elegant Pink, 128 GB)",15999,11.0,4.4,2128,233,Mid
"Samsung Galaxy S24 5G Snapdragon (Amber Yellow, 128 GB)",40999,45.0,4.6,46887,2583,Premium
"Samsung Galaxy F36 5G (Black, 128 GB)",16999,33.0,4.3,8359,479,Mid
"Samsung Galaxy S24 5G Snapdragon (Cobalt Violet, 256 GB)",45999,42.0,4.6,46887,2583,Premium
"realme C71 (Obsidian Black, 64 GB)",7797,13.0,4.3,517,18,Budget
"POCO M7 Plus 5G (Carbon Black, 128 GB)",14999,16.0,4.3,3121,181,Mid
"Samsung Galaxy S24 5G Snapdragon (Cobalt Violet, 128 GB)",40999,45.0,4.6,46887,2583,Premium
"Google Pixel 9A (Obsidian, 256 GB)",44999,10.0,4.4,4514,312,Premium
"Samsung Galaxy S24 5G Snapdragon (Marble Gray, 128 GB)",40999,45.0,4.6,46887,2583,Premium
"realme P4x 5G (Matte Silver, 128 GB)",15999,11.0,4.4,2128,233,Mid
"IQOO Z10X 5G (Ultramarine, 256 GB)",18149,11.0,4.4,4502,218,Mid
"Motorola g45 5G (Brilliant Blue, 128 GB)",11999,20.0,4.3,248688,12311,Mid
"Samsung Galaxy A35 5G (Awesome Lilac, 128 GB)",18499,45.0,4.4,64204,3720,Mid
"Samsung Galaxy F36 5G (Red, 128 GB)",16999,33.0,4.3,8359,479,Mid
"realme Narzo 80 Lite 4G (Beach Gold, 128 GB)",8650,21.0,4.3,1077,57,Budget
"Nothing Phone (3a) Pro (Grey, 128 GB)",28999,12.0,4.5,12052,912,Mid
"Samsung Galaxy F36 5G (Black, 256 GB)",21499,28.0,4.2,4179,287,Mid
"Samsung Galaxy A55 5G (Awesome Navy, 128 GB)",24278,43.0,4.4,5718,330,Mid
"Samsung Galaxy F36 5G (Violet, 128 GB)",16999,33.0,4.3,8359,479,Mid
"Samsung Galaxy A35 5G (Awesome Navy, 256 GB)",20499,44.0,4.4,64204,3720,Mid
"OnePlus Nord CE4 (Dark Chrome, 128 GB)",20649,17.0,4.4,27559,1508,Mid
"realme P4x 5G (Elegant Pink, 128 GB)",17499,7.0,4.4,630,101,Mid
"Samsung Galaxy F36 5G (Black, 128 GB)",16999,33.0,4.3,8359,479,Mid
"Samsung Galaxy S24 5G Snapdragon (Cobalt Violet, 256 GB)",45999,42.0,4.6,46887,2583,Premium
"realme P4x 5G (Lake Green, 128 GB)",17499,7.0,4.4,630,101,Mid
"Nothing Phone (3a) Pro (Grey, 256 GB)",30999,11.0,4.5,12052,912,Premium
"IQOO Z10 Lite 5G (Titanium Blue, 256 GB)",15180,10.0,4.3,1923,88,Mid
"REDMI A4 (Sparkle Purple, 64 GB)",8599,21.0,4.3,12755,547,Budget
"Google Pixel 10 (Indigo, 256 GB)",79999,,4.5,1217,80,Luxury
"Samsung Galaxy F36 5G (Black, 128 GB)",18499,31.0,4.2,4179,287,Mid
"IQOO Z10X 5G (Ultramarine, 128 GB)",15162,13.0,4.4,7907,408,Mid
"realme P4x 5G (Lake Green, 256 GB)",19499,7.0,4.4,630,101,Mid
"Samsung Galaxy S24 5G Snapdragon (Marble Gray, 128 GB)",40999,45.0,4.6,46887,2583,Premium
"realme P4x 5G (Matte Silver, 128 GB)",15999,11.0,4.4,2128,233,Mid
"Samsung Galaxy A55 5G (Awesome Iceblue, 128 GB)",25967,39.0,4.4,5718,330,Mid
"Ai+ Pulse (Black, 128 GB)",6999,30.0,4.0,4404,273,Budget
"realme P4x 5G (Matte Silver, 128 GB)",17499,7.0,4.4,630,101,Mid
"OPPO K13 5G with 7000mAh and 80W SUPERVOOC Charger In-The-Box (Prism Black, 256 GB)",21999,12.0,4.5,71815,4313,Mid
"Samsung Galaxy A35 5G (Awesome Lilac, 128 GB)",18499,45.0,4.4,64204,3720,Mid
"Samsung Galaxy F36 5G (Red, 128 GB)",16999,33.0,4.3,8359,479,Mid
"POCO C85 5G (Power Black, 128 GB)",11999,17.0,4.4,38,2,Mid
"REDMI 13 5G (Hawaiian Blue, 128 GB)",13048,34.0,4.2,14263,753,Mid
"Samsung Galaxy F36 5G (Violet, 128 GB)",16999,33.0,4.3,8359,479,Mid
"Samsung Galaxy A35 5G (Awesome Navy, 256 GB)",20499,44.0,4.4,64204,3720,Mid
"REDMI A4 (Sparkle Purple, 128 GB)",9960,23.0,4.2,1335,46,Budget
"REDMI 15 5G (Sandy Purple, 256 GB)",17990,10.0,4.3,2367,124,Mid
"vivo T4 Pro 5G (Nitro Blue, 256 GB)",29999,14.0,4.5,11695,746,Mid
"vivo T4 Pro 5G (Nitro Blue, 128 GB)",27999,15.0,4.5,11695,746,Mid
"Samsung Galaxy F36 5G (Black, 128 GB)",16999,33.0,4.3,8359,479,Mid
"Samsung Galaxy S24 5G Snapdragon (Cobalt Violet, 256 GB)",45999,42.0,4.6,46887,2583,Premium
"POCO C71 (Power Black, 64 GB)",8999,,3.9,53179,2405,Budget
"Samsung Galaxy F06 5G (Lit Violet, 64 GB)",8499,32.0,4.2,37263,2204,Budget
"Google Pixel 10 (Indigo, 256 GB)",79999,,4.5,1217,80,Luxury
"Samsung Galaxy F36 5G (Black, 256 GB)",21499,28.0,4.2,4179,287,Mid
"Samsung Galaxy F06 5G (Bahama Blue, 128 GB)",8999,35.0,4.2,37263,2204,Budget
"realme Narzo 80 Lite 4G (Obsidian Black, 128 GB)",8499,22.0,4.3,1077,57,Budget
"MOTOROLA g06 power (Pantone Tendril, 64 GB)",7999,20.0,4.3,2877,208,Budget
"realme Narzo 80 Lite 4G (Beach Gold, 64 GB)",7278,19.0,4.3,1643,66,Budget
"Samsung Galaxy S24 5G Snapdragon (Marble Gray, 128 GB)",40999,45.0,4.6,46887,2583,Premium
"realme P4x 5G (Matte Silver, 128 GB)",15999,11.0,4.4,2128,233,Mid
"Google Pixel 10 (Obsidian, 256 GB)",79999,,4.5,1217,80,Luxury
"vivo Y19e (Titanium Silver, 64 GB)",8989,25.0,4.3,3222,104,Budget
"Samsung Galaxy A35 5G (Awesome Lilac, 128 GB)",18499,45.0,4.4,64204,3720,Mid
"Samsung Galaxy F36 5G (Red, 128 GB)",16999,33.0,4.3,8359,479,Mid
"IQOO Z10 Lite 5G (Titanium Blue, 128 GB)",13188,12.0,4.3,2681,102,Mid
"REDMI 15 5G (Sandy Purple, 128 GB)",15942,6.0,4.3,1067,68,Mid
"IQOO Neo 10 (Inferno Red, 128 GB)",36495,1.0,4.5,1200,91,Premium
"POCO X7 Pro 5G (Nebula Green, 256 GB)",23999,29.0,4.4,7806,778,Mid
"Samsung Galaxy F36 5G (Violet, 128 GB)",16999,33.0,4.3,8359,479,Mid
"Samsung Galaxy A35 5G (Awesome Navy, 256 GB)",20499,44.0,4.4,64204,3720,Mid
"Nothing Phone (3a) Pro (Grey, 256 GB)",32999,10.0,4.4,7103,431,Premium
"IQOO Neo 10 (Titanium Chrome, 256 GB)",38979,4.0,4.5,862,66,Premium
"Samsung Galaxy F36 5G (Black, 128 GB)",16999,33.0,4.3,8359,479,Mid
"Samsung Galaxy S24 5G Snapdragon (Cobalt Violet, 256 GB)",45999,42.0,4.6,46887,2583,Premium
"realme 14x 5G (Jewel Red, 128 GB)",14499,14.0,4.3,13686,669,Mid
"IQOO Z10 Lite 5G (Titanium Blue, 128 GB)",12090,13.0,4.2,1926,79,Mid
"realme P4 5G (Forge Red, 128 GB)",17999,14.0,4.4,17272,1105,Mid
"IQOO Neo 10 (Inferno Red, 256 GB)",37999,2.0,4.5,1200,91,Premium
"Google Pixel 10 (Indigo, 256 GB)",79999,,4.5,1217,80,Luxury
"Samsung Galaxy F36 5G (Black, 256 GB)",21499,28.0,4.2,4179,287,Mid
"REDMI 15 5G (Midnight Black, 128 GB)",15849,11.0,4.3,2367,124,Mid
"Samsung Galaxy A55 5G (Awesome Iceblue, 256 GB)",32611,33.0,4.3,659,49,Premium
"Samsung Galaxy S24 5G Snapdragon (Marble Gray, 128 GB)",40999,45.0,4.6,46887,2583,Premium
"realme P4x 5G (Matte Silver, 128 GB)",15999,11.0,4.4,2128,233,Mid
"realme P3 Lite 5G Charger in the Box (Midnight Lily, 128 GB)",11999,7.0,4.4,6106,256,Mid
"Infinix Note 50x 5G+ 45W Charger In the Box & AI (Sea Breeze Green, 128 GB)",13999,17.0,4.3,4673,390,Mid
"realme 14x 5G (Crystal Black, 128 GB)",14779,17.0,4.4,8182,415,Mid
"realme 14x 5G (Golden Glow, 128 GB)",14304,20.0,4.4,8182,415,Mid
"Samsung Galaxy A35 5G (Awesome Lilac, 128 GB)",18499,45.0,4.4,64204,3720,Mid
"Samsung Galaxy F36 5G (Red, 128 GB)",16999,33.0,4.3,8359,479,Mid
"realme P4 5G (Steel Grey, 128 GB)",17999,14.0,4.4,17272,1105,Mid
"realme C85 5G (Peacock Green, 128.0 GB)",16999,5.0,4.6,104,6,Mid
"Samsung Galaxy F36 5G (Violet, 128 GB)",16999,33.0,4.3,8359,479,Mid
"Samsung Galaxy A35 5G (Awesome Navy, 256 GB)",20499,44.0,4.4,64204,3720,Mid
"IQOO Z10X 5G (Titanium, 256 GB)",18290,10.0,4.4,4502,218,Mid
"realme P3x 5G (Midnight Blue, 128 GB)",13999,22.0,4.4,22475,922,Mid
"realme P4 5G (Engine Blue, 128 GB)",17999,14.0,4.4,17272,1105,Mid
"POCO F6 5G (Titanium, 256 GB)",22999,32.0,4.3,14343,1262,Mid
"Samsung Galaxy F36 5G (Black, 128 GB)",16999,33.0,4.3,8359,479,Mid
"Samsung Galaxy S24 5G Snapdragon (Cobalt Violet, 256 GB)",45999,42.0,4.6,46887,2583,Premium
"POCO X7 5G (Glacier Green, 256 GB)",18999,32.0,4.3,27652,2094,Mid
"realme C85 5G (Peacock Green, 128.0 GB)",15499,6.0,4.6,154,9,Mid
"Google Pixel 10 (Indigo, 256 GB)",79999,,4.5,1217,80,Luxury
"Samsung Galaxy F36 5G (Black, 256 GB)",21499,28.0,4.2,4179,287,Mid
"realme 15x 5G (Maroon Red, 128 GB)",17999,5.0,4.4,3483,229,Mid
"realme Narzo 80x 5G (Sunlit Gold, 128 GB)",12937,19.0,4.2,1631,57,Mid
"REDMI 14C 5G (Stargaze Black, 128 GB)",10184,27.0,4.2,8463,427,Mid
"REDMI A4 (Sparkle Purple, 128 GB)",9027,24.0,4.3,12755,547,Budget
"Samsung Galaxy S24 5G Snapdragon (Marble Gray, 128 GB)",40999,45.0,4.6,46887,2583,Premium
"realme P4x 5G (Matte Silver, 128 GB)",15999,11.0,4.4,2128,233,Mid
"LAVA Storm Play 5G (Frosty Blue, 128 GB)",11259,16.0,4.2,139,9,Mid
"IQOO Z10R 5G (Aquamarine, 256 GB)",24968,,4.4,2992,161,Mid
"Samsung Galaxy A35 5G (Awesome Lilac, 128 GB)",18499,45.0,4.4,64204,3720,Mid
"Samsung Galaxy F36 5G (Red, 128 GB)",16999,33.0,4.3,8359,479,Mid
"IQOO Z10R 5G (Aquamarine, 128 GB)",19499,17.0,4.4,2992,161,Mid
"IQOO Neo 10R 5G (Raging Blue, 128 GB)",26885,15.0,4.5,5250,340,Mid
"realme P3x 5G (Stellar Pink, 128 GB)",13999,22.0,4.4,22475,922,Mid
"realme P3x 5G (Midnight Blue, 128 GB)",12999,23.0,4.4,67966,2568,Mid
"Samsung Galaxy F36 5G (Violet, 128 GB)",16999,33.0,4.3,8359,479,Mid
"Samsung Galaxy A35 5G (Awesome Navy, 256 GB)",20499,44.0,4.4,64204,3720,Mid
"IQOO Z10R 5G (Moonstone, 128 GB)",20299,13.0,4.4,2992,161,Mid
"IQOO Neo 10R 5G (Raging Blue, 256 GB)",31470,12.0,4.5,2711,173,Premium
"Samsung Galaxy F36 5G (Black, 128 GB)",16999,33.0,4.3,8359,479,Mid
"Samsung Galaxy S24 5G Snapdragon (Cobalt Violet, 256 GB)",45999,42.0,4.6,46887,2583,Premium
"realme 14 Pro+ 5G (Suede Grey, 256 GB)",25999,27.0,4.4,16802,1969,Mid
"IQOO Neo 10R 5G (MoonKnight Titanium, 128 GB)",27440,14.0,4.5,5250,340,Mid
"Infinix Note 50x 5G+ 45W Charger In the Box & AI (Titanium Grey, 128 GB)",12499,16.0,4.3,15826,1419,Mid
"POCO F7 5G (Frost White, 256 GB)",31999,11.0,4.4,18356,1807,Premium
"Samsung Galaxy S24 5G Snapdragon (Marble Gray, 128 GB)",40999,45.0,4.6,46887,2583,Premium
"realme P4x 5G (Matte Silver, 128 GB)",15999,11.0,4.4,2128,233,Mid
"realme 14 Pro+ 5G (Pearl White, 256 GB)",34999,7.0,4.4,8538,931,Premium
"Infinix Note 50x 5G+ 45W Charger In the Box & AI (Enchanted Purple, 128 GB)",13999,17.0,4.3,4673,390,Mid
"Samsung Galaxy A35 5G (Awesome Lilac, 128 GB)",18499,45.0,4.4,64204,3720,Mid
"Samsung Galaxy F36 5G (Red, 128 GB)",16999,33.0,4.3,8359,479,Mid
"realme C71 (Sea Blue, 128 GB)",9699,11.0,4.2,7553,293,Budget
"REDMI 14C 5G (Stardust Purple, 128 GB)",10215,27.0,4.2,8463,427,Mid
"Samsung Galaxy M06 5G (Sage Green, 64 GB)",8980,28.0,4.0,145,8,Budget
"realme 14 Pro+ 5G (Bikaner Purple, 128 GB)",29999,11.0,4.4,16802,1969,Mid
"Samsung Galaxy F36 5G (Violet, 128 GB)",16999,33.0,4.3,8359,479,Mid
"Samsung Galaxy A35 5G (Awesome Navy, 256 GB)",20499,44.0,4.4,64204,3720,Mid
"Infinix Note 50x 5G+ 45W Charger In the Box & AI (Sea Breeze Green, 128 GB)",12499,16.0,4.3,15826,1419,Mid
"IQOO Z10R 5G (Moonstone, 256 GB)",23895,4.0,4.4,2992,161,Mid
"Samsung Galaxy F36 5G (Black, 128 GB)",16999,33.0,4.3,8359,479,Mid
"Samsung Galaxy S24 5G Snapdragon (Cobalt Violet, 256 GB)",45999,42.0,4.6,46887,2583,Premium
"Ai+ Nova 5G (Pink, 128 GB)",8999,18.0,4.1,18887,1268,Budget
"Samsung Galaxy S24 5G Snapdragon (Onyx Black, 128 GB)",40999,45.0,4.6,46887,2583,Premium
"realme 14 Pro+ 5G (Pearl White, 128 GB)",29999,11.0,4.4,16802,1969,Mid
"MOTOROLA Edge 60 Pro (Pantone Shadow, 256 GB)",33999,17.0,4.3,12995,1075,Premium
"Google Pixel 10 (Indigo, 256 GB)",79999,,4.5,1217,80,Luxury
"Samsung Galaxy F36 5G (Black, 256 GB)",21499,28.0,4.2,4179,287,Mid
"realme P3 Ultra 5G (Orion Red, 256 GB)",23999,33.0,4.5,3531,333,Mid
"MOTOROLA G96 5G (Pantone Dresden Blue, 128 GB)",18999,9.0,4.4,76829,3849,Mid
"Samsung Galaxy S24 5G Snapdragon (Marble Gray, 128 GB)",40999,45.0,4.6,46887,2583,Premium
"realme P4x 5G (Matte Silver, 128 GB)",15999,11.0,4.4,2128,233,Mid
"Samsung Galaxy Z Fold6 5G (Silver Shadow, 256 GB)",106990,35.0,4.2,206,13,Luxury
"Samsung Galaxy M17 5G (Moonlight Silver, 128 GB)",13480,18.0,4.3,63,7,Mid
"realme 15x 5G (Marine Blue, 128 GB)",19499,2.0,4.3,2768,195,Mid
"Samsung Galaxy A16 5G (Light Green, 128 GB)",14960,25.0,4.2,4094,181,Mid
"Samsung Galaxy A35 5G (Awesome Lilac, 128 GB)",18499,45.0,4.4,64204,3720,Mid
"Samsung Galaxy F36 5G (Red, 128 GB)",16999,33.0,4.3,8359,479,Mid
"OPPO A3x (Nebula Red, 128 GB)",9889,29.0,4.1,1717,86,Budget
"realme P4 5G (Steel Grey, 128 GB)",18999,13.0,4.4,12180,848,Mid
"Samsung Galaxy F36 5G (Violet, 128 GB)",16999,33.0,4.3,8359,479,Mid
"Samsung Galaxy A35 5G (Awesome Navy, 256 GB)",20499,44.0,4.4,64204,3720,Mid
"realme 15x 5G (Marine Blue, 256 GB)",20999,4.0,4.3,2768,195,Mid
"Samsung Galaxy S25 5G (Silver Shadow, 256 GB)",74999,7.0,4.6,2762,311,Premium
"REDMI 15 5G (Frosted White, 128 GB)",15879,11.0,4.3,2367,124,Mid
"IQOO Neo 10R 5G (Raging Blue, 256 GB)",29299,13.0,4.5,5250,340,Mid
"Samsung Galaxy F36 5G (Black, 128 GB)",16999,33.0,4.3,8359,479,Mid
"Samsung Galaxy S24 5G Snapdragon (Cobalt Violet, 256 GB)",45999,42.0,4.6,46887,2583,Premium
"Samsung Galaxy S25 Ultra 5G (Titanium Black, 256 GB)",108999,16.0,4.6,2499,255,Luxury
"Samsung Galaxy F06 5G (Lit Violet, 128 GB)",9999,41.0,4.2,18912,1206,Budget
"Google Pixel 10 (Indigo, 256 GB)",79999,,4.5,1217,80,Luxury
"Samsung Galaxy F36 5G (Black, 256 GB)",21499,28.0,4.2,4179,287,Mid
"IQOO Z10 5G (Glacier Silver / Silver, 128 GB)",21739,16.0,4.4,4676,224,Mid
"REDMI 15 5G (Frosted White, 256 GB)",17490,12.0,4.3,2367,124,Mid
"realme 14 Pro+ 5G (Emerald Drift, 256 GB)",23999,33.0,4.4,16802,1969,Mid
"realme 14 Pro+ 5G (Pearl White, 256 GB)",25999,27.0,4.4,16802,1969,Mid
"Samsung Galaxy S24 5G Snapdragon (Marble Gray, 128 GB)",40999,45.0,4.6,46887,2583,Premium
"realme P4x 5G (Matte Silver, 128 GB)",15999,11.0,4.4,2128,233,Mid
"Samsung M06 5G (Blazing Black, 128 GB)",11590,25.0,4.0,643,47,Mid
"Apple iPhone 14 (Midnight, 128 GB)",47999,12.0,4.6,320995,11920,Premium
"Samsung Galaxy A35 5G (Awesome Lilac, 128 GB)",18499,45.0,4.4,64204,3720,Mid
"Samsung Galaxy F36 5G (Red, 128 GB)",16999,33.0,4.3,8359,479,Mid
"Tecno Spark Go 5G (Bikaner Red, 128 GB)",10999,8.0,4.3,1274,113,Mid
"realme 15T 5G (Silk Blue, 128 GB)",22999,,4.3,5144,344,Mid
"realme C85 5G (Parrot Purple, 128.0 GB)",16999,5.0,4.6,104,6,Mid
"Ai+ Nova 5G (Black, 128 GB)",8999,18.0,4.1,18887,1268,Budget
"Samsung Galaxy F36 5G (Violet, 128 GB)",16999,33.0,4.3,8359,479,Mid
"Samsung Galaxy A35 5G (Awesome Navy, 256 GB)",20499,44.0,4.4,64204,3720,Mid
"REDMI Note 14 5G (Mystique White, 128 GB)",15315,33.0,4.2,3556,200,Mid
"realme P3x 5G (Stellar Pink, 128 GB)",12999,23.0,4.4,67966,2568,Mid
"Samsung Galaxy F36 5G (Black, 128 GB)",16999,33.0,4.3,8359,479,Mid
"Samsung Galaxy S24 5G Snapdragon (Cobalt Violet, 256 GB)",45999,42.0,4.6,46887,2583,Premium
"realme P3x 5G (Lunar Silver, 128 GB)",12999,23.0,4.4,67966,2568,Mid
"realme P3 Ultra 5G (Glowing Lunar White, 256 GB)",23999,33.0,4.5,3531,333,Mid
"Samsung M06 5G (Sage Green, 128 GB)",11438,18.0,4.0,643,47,Mid
"POCO C75 5G (Silver Stardust, 128 GB)",8749,23.0,4.2,140782,6233,Budget
"Google Pixel 10 (Indigo, 256 GB)",79999,,4.5,1227,80,Luxury
"Samsung Galaxy F36 5G (Black, 256 GB)",21499,28.0,4.2,4179,287,Mid
"realme P3 Ultra 5G (Neptune Blue, 128 GB)",21999,31.0,4.4,17922,1754,Mid
"Tecno Pova 7 5G (Magic Silver, 256 GB)",15999,20.0,4.4,8178,617,Mid
"Samsung Galaxy S24 5G Snapdragon (Marble Gray, 128 GB)",40999,45.0,4.6,46887,2583,Premium
"realme P4x 5G (Matte Silver, 128 GB)",15999,11.0,4.4,2128,233,Mid
"realme 14 Pro+ 5G (Suede Grey, 256 GB)",34999,7.0,4.4,8538,931,Premium
"IQOO Neo 10 (Inferno Red, 256 GB)",39895,2.0,4.5,862,66,Premium
"POCO F6 5G (Deadpool, 256 GB)",22999,39.0,4.3,8979,846,Mid
"Samsung M36 5G (Light Green, 128 GB)",15103,34.0,4.3,1463,77,Mid
"Samsung Galaxy A35 5G (Awesome Lilac, 128 GB)",18499,45.0,4.4,64204,3720,Mid
"Samsung Galaxy F36 5G (Red, 128 GB)",16999,33.0,4.3,8359,479,Mid
"POCO F6 5G (Titanium, 256 GB)",21999,38.0,4.3,8979,846,Mid
"OPPO F29 Pro 5G (Granite Black, 128 GB)",21999,33.0,4.4,1788,126,Mid
"Samsung Galaxy F36 5G (Violet, 128 GB)",16999,33.0,4.3,8359,479,Mid
"Samsung Galaxy A35 5G (Awesome Navy, 256 GB)",20499,44.0,4.4,64204,3720,Mid
"Apple iPhone 16 (White, 128 GB)",69900,,4.6,194818,6209,Premium
"Samsung M06 5G (Sage Green, 128 GB)",10490,10.0,4.1,923,58,Mid
"OPPO F29 Pro 5G (Marble White, 256 GB)",25999,25.0,4.4,1788,126,Mid
"MOTOROLA Edge 60 Pro (Pantone Dazzling Blue, 256 GB)",29999,18.0,4.3,42114,3151,Mid
"Samsung Galaxy F36 5G (Black, 128 GB)",16999,33.0,4.3,8359,479,Mid
"Samsung Galaxy S24 5G Snapdragon (Cobalt Violet, 256 GB)",45999,42.0,4.6,46887,2583,Premium
"LAVA Shark (Titanium Gold, 64 GB)",7099,8.0,4.1,174,8,Budget
"Samsung M36 5G (Serene Green / Light Green, 128 GB)",16680,31.0,4.0,282,13,Mid
"Google Pixel 10 (Indigo, 256 GB)",79999,,4.5,1217,80,Luxury
"Samsung Galaxy F36 5G (Black, 256 GB)",21499,28.0,4.2,4179,287,Mid
"realme P4 Pro 5G (Midnight Ivy, 256 GB)",24999,19.0,4.4,15778,1286,Mid
"IQOO Z10 5G (Stellar Black / Black, 256 GB)",24998,10.0,4.4,4676,224,Mid
"realme P4 Pro 5G (Birch Wood, 256 GB)",24999,19.0,4.4,15778,1286,Mid
"Tecno Pop 9 5G (Azure Sky, 128 GB)",9529,36.0,4.2,1618,80,Budget
"Samsung Galaxy S24 5G Snapdragon (Marble Gray, 128 GB)",40999,45.0,4.6,46887,2583,Premium
"realme P4x 5G (Matte Silver, 128 GB)",15999,11.0,4.4,2128,233,Mid
"vivo T4 Ultra 5G (Phoenix Gold, 512 GB)",39999,11.0,4.5,3257,306,Premium
"vivo T4 Ultra 5G (Phoenix Gold, 256 GB)",37999,11.0,4.5,3257,306,Premium
"Samsung Galaxy A35 5G (Awesome Lilac, 128 GB)",18499,45.0,4.4,64204,3720,Mid
"Samsung Galaxy F36 5G (Red, 128 GB)",16999,33.0,4.3,8359,479,Mid
"vivo T4 Ultra 5G (Phoenix Gold, 256 GB)",35999,12.0,4.5,4472,418,Premium
"Samsung Galaxy F36 5G (Violet, 128 GB)",16999,33.0,4.3,8359,479,Mid
"REDMI 15 5G (Frosted White, 128 GB)",15898,6.0,4.3,1067,68,Mid
"realme NARZO 80 Pro 5G (Speed Silver, 128 GB)",18128,24.0,4.5,799,41,Mid
"Samsung Galaxy A35 5G (Awesome Navy, 256 GB)",20499,44.0,4.4,64204,3720,Mid
"Samsung Galaxy F36 5G (Black, 128 GB)",16999,33.0,4.3,8359,479,Mid
"IQOO Neo 10 (Inferno Red, 512 GB)",44900,2.0,4.6,156,10,Premium
"realme 15T 5G (Suit Titanium, 128 GB)",22999,,4.3,5144,344,Mid
"Samsung Galaxy S24 5G Snapdragon (Cobalt Violet, 256 GB)",45999,42.0,4.6,46887,2583,Premium
"Google Pixel 10 (Indigo, 256 GB)",79999,,4.5,1217,80,Luxury
"realme 15 Pro 5G (Silk Purple, 256 GB)",37999,5.0,4.4,4519,362,Premium
"Ai+ Nova 5G (Black, 128 GB)",9999,23.0,3.9,3144,286,Budget
"POCO F7 5G (Phantom Black, 256 GB)",31999,11.0,4.4,18356,1807,Premium
"Tecno Pova Slim 5G (Cool Black, 128 GB)",20999,16.0,4.3,730,61,Mid
"Samsung Galaxy S24 5G Snapdragon (Marble Gray, 128 GB)",40999,45.0,4.6,46887,2583,Premium
"realme P4x 5G (Matte Silver, 128 GB)",15999,11.0,4.4,2128,233,Mid
"realme P3 Ultra 5G (Orion Red, 256 GB)",22999,32.0,4.4,17922,1754,Mid
"Samsung Galaxy A06 5G (Light Gray, 64 GB)",9490,24.0,4.1,2370,142,Budget
"Samsung Galaxy A35 5G (Awesome Lilac, 128 GB)",18499,45.0,4.4,64204,3720,Mid
"Samsung Galaxy F36 5G (Red, 128 GB)",16999,33.0,4.3,8359,479,Mid
"OPPO Reno14 5G (Pearl White, 512 GB)",47999,,4.5,3700,336,Premium
"vivo T4 Ultra 5G (Meteor Grey, 256 GB)",35999,12.0,4.5,4472,418,Premium
"realme 15T 5G (Silk Blue, 256 GB)",24999,,4.3,5144,344,Mid
"Alcatel V3 Classic 5G (Halo White, 128 GB)",9999,50.0,4.7,1313,887,Budget
"Samsung Galaxy F36 5G (Violet, 128 GB)",16999,33.0,4.3,8359,479,Mid
"Samsung Galaxy A35 5G (Awesome Navy, 256 GB)",20499,44.0,4.4,64204,3720,Mid
"POCO M7 Plus 5G (Chrome Silver, 128 GB)",12999,18.0,4.1,1162,76,Mid
"vivo V60e (Noble Gold, 256 GB)",31999,13.0,4.4,1765,111,Premium
"Samsung Galaxy F36 5G (Black, 128 GB)",16999,33.0,4.3,8359,479,Mid
"Samsung Galaxy S24 5G Snapdragon (Cobalt Violet, 256 GB)",45999,42.0,4.6,46887,2583,Premium
"vivo T4 Ultra 5G (Meteor Grey, 256 GB)",37999,11.0,4.5,3257,306,Premium
"Ai+ Pulse (Sparkle Red, 64 GB)",5999,25.0,4.3,38924,2401,Budget
"realme P3 Ultra 5G (Neptune Blue, 256 GB)",22999,32.0,4.4,17922,1754,Mid
"realme P3 Ultra 5G (Glowing Lunar White, 128 GB)",21999,31.0,4.4,17922,1754,Mid
"Google Pixel 10 (Indigo, 256 GB)",79999,,4.5,1217,80,Luxury
"Samsung Galaxy F36 5G (Black, 256 GB)",21499,28.0,4.2,4179,287,Mid
"realme P3 Ultra 5G (Orion Red, 128 GB)",21999,31.0,4.4,17922,1754,Mid
"realme P3 Ultra 5G (Neptune Blue, 256 GB)",23999,33.0,4.5,3531,333,Mid
"Samsung Galaxy S25 Plus 5G (Silver Shadow, 256 GB)",74999,25.0,4.7,213,32,Premium
"OPPO A6x 5G (Olive Green, 128 GB)",14999,14.0,4.1,12,0,Mid
"Samsung Galaxy S24 5G Snapdragon (Marble Gray, 128 GB)",40999,45.0,4.6,46887,2583,Premium
"realme P4x 5G (Matte Silver, 128 GB)",15999,11.0,4.4,2128,233,Mid
"Ai+ Nova 5G (Green, 128 GB)",9999,23.0,3.9,3144,286,Budget
"realme GT 7T (IceSense Blue, 256 GB)",37999,11.0,4.5,303,28,Premium
"OPPO F31 5G (Midnight Blue, 256 GB)",26999,10.0,4.3,1263,68,Mid
"Samsung Galaxy M56 5G (Black, 128 GB)",21499,30.0,4.3,696,47,Mid
"Samsung Galaxy A35 5G (Awesome Lilac, 128 GB)",18499,45.0,4.4,64204,3720,Mid
"Samsung Galaxy F36 5G (Red, 128 GB)",16999,33.0,4.3,8359,479,Mid
"REDMI A3X (Olive Green, 64 GB)",6979,33.0,4.1,10121,427,Budget
"Samsung Galaxy A36 5G (Awesome Lavender, 256 GB)",34499,24.0,4.4,259,18,Premium
"Samsung Galaxy F36 5G (Violet, 128 GB)",16999,33.0,4.3,8359,479,Mid
"Samsung Galaxy A35 5G (Awesome Navy, 256 GB)",20499,44.0,4.4,64204,3720,Mid
"REDMI A3X (Starry White, 64 GB)",7199,28.0,4.0,13157,575,Budget
"OPPO A6x 5G (Ice Blue, 128 GB)",13499,15.0,4.8,13,0,Mid
"Samsung Galaxy A17 5G (Black, 128 GB)",17995,23.0,4.3,273,11,Mid
"OPPO F31 5G (Bloom Red, 256 GB)",26999,10.0,4.3,1263,68,Mid
"Samsung Galaxy F36 5G (Black, 128 GB)",16999,33.0,4.3,8359,479,Mid
"Samsung Galaxy S24 5G Snapdragon (Cobalt Violet, 256 GB)",45999,42.0,4.6,46887,2583,Premium
"Ai+ Nova 5G (Sparkle Red, 128 GB)",9999,23.0,3.9,3144,286,Budget
"OPPO A6x 5G (Ice Blue, 64 GB)",12499,13.0,4.8,13,0,Mid
"Google Pixel 10 (Indigo, 256 GB)",79999,,4.5,1217,80,Luxury
"Samsung Galaxy F36 5G (Black, 256 GB)",21499,28.0,4.2,4179,287,Mid
"OPPO A3x (Nebula Red, 64 GB)",8999,30.0,4.1,1717,86,Budget
"Tecno Pova Slim 5G (Sky Blue, 128 GB)",20999,16.0,4.3,730,61,Mid
"Samsung Galaxy S24 5G Snapdragon (Marble Gray, 128 GB)",40999,45.0,4.6,46887,2583,Premium
"realme P4x 5G (Matte Silver, 128 GB)",15999,11.0,4.4,2128,233,Mid
"OPPO A5x 5G (Midnight Blue, 64 GB)",11499,23.0,4.3,441,12,Mid
"Tecno Pova Slim 5G (Slim White, 128 GB)",20999,16.0,4.3,730,61,Mid
"Samsung Galaxy A35 5G (Awesome Lilac, 128 GB)",18499,45.0,4.4,64204,3720,Mid
"Samsung Galaxy F36 5G (Red, 128 GB)",16999,33.0,4.3,8359,479,Mid
"realme 15T 5G (Flowing Silver, 256 GB)",26999,3.0,4.2,621,56,Mid
"realme 15 5G (Flowing Silver, 256 GB)",29999,14.0,4.4,485,51,Mid
"OPPO K13 Turbo 5G (Midnight Maverick, 128 GB)",27999,17.0,4.5,7746,469,Mid
"OPPO F29 Pro 5G (Marble White, 128 GB)",20999,36.0,4.4,1788,126,Mid
"Samsung Galaxy F36 5G (Violet, 128 GB)",16999,33.0,4.3,8359,479,Mid
"Samsung Galaxy A35 5G (Awesome Navy, 256 GB)",20499,44.0,4.4,64204,3720,Mid
"REDMI 14C 5G (Starlight Blue, 128 GB)",11353,24.0,4.2,8833,442,Mid
"Infinix GT 30 Pro 5G+ (Dark Flare, 256 GB)",24999,21.0,4.4,2023,140,Mid
"Samsung Galaxy F36 5G (Black, 128 GB)",16999,33.0,4.3,8359,479,Mid
"Samsung Galaxy S24 5G Snapdragon (Cobalt Violet, 256 GB)",45999,42.0,4.6,46887,2583,Premium
"OPPO F29 PRO (marval White, 256 GB)",20500,41.0,4.6,76,7,Mid
"realme P3 Pro 5G (Saturn Brown, 256 GB)",23999,27.0,4.4,3985,291,Mid
"Nothing Phone (3a) Lite (Blue, 128 GB)",20999,8.0,4.5,205,19,Mid
"Samsung Galaxy A07 LTE (Black, 64 GB)",7210,31.0,4.4,31,1,Budget
"Google Pixel 10 (Indigo, 256 GB)",79999,,4.5,1217,80,Luxury
"Samsung Galaxy F36 5G (Black, 256 GB)",21499,28.0,4.2,4179,287,Mid
"Samsung Galaxy S24 5G Snapdragon (Onyx Black, 256 GB)",45999,42.0,4.6,46887,2583,Premium
"Google Pixel 10 (Frost, 256 GB)",79999,,4.5,1217,80,Luxury
"realme 70 TURBO 5G (Turbo Purple, 128 GB)",15628,21.0,4.3,6406,477,Mid
"OPPO F31 5G (Cloud Green, 128 GB)",24999,10.0,4.3,1263,68,Mid
"Samsung Galaxy M07 (Black, 64 GB)",7390,26.0,3.8,13,0,Budget
"OPPO A5x (Laser White, 64 GB)",8999,30.0,4.2,90,5,Budget
"Samsung Galaxy S24 5G Snapdragon (Amber Yellow, 128 GB)",40999,45.0,4.6,46887,2583,Premium
"Samsung Galaxy S24 5G Snapdragon (Marble Gray, 256 GB)",45999,42.0,4.6,46887,2583,Premium
"Motorola Edge 50 Pro 5G with 68W Charger (Black Beauty, 256 GB)",25999,38.0,4.4,34568,2988,Mid
"Samsung Galaxy S25 Ultra 5G (Titanium Silverblue, 256 GB)",107985,16.0,4.6,2499,255,Luxury
"Google Pixel 10 (Lemongrass, 256 GB)",79999,,4.5,1217,80,Luxury
"Samsung Galaxy S24 5G Snapdragon (Amber Yellow, 256 GB)",45999,42.0,4.6,46887,2583,Premium
"Samsung Galaxy A07 LTE (Light Violet, 64 GB)",7399,29.0,4.4,31,1,Budget
"Samsung Galaxy S25 Ultra 5G (Titanium Whitesilver, 256 GB)",107756,17.0,4.6,2499,255,Luxury
"Samsung Galaxy S25 5G (Icyblue, 256 GB)",74999,7.0,4.6,2762,311,Premium
"Ai+ Pulse (Pink, 64 GB)",5999,25.0,4.3,38924,2401,Budget
"Samsung Galaxy S24 Ultra 5G (Titanium Gray, 256 GB)",98999,26.0,4.6,7359,545,Luxury
"OPPO Reno13 5G (Sky Blue, 256 GB)",31989,27.0,4.4,4837,518,Premium
"Xiaomi 14 CIVI (Cruise Blue, 256 GB)",28999,47.0,4.3,1754,215,Mid
"REDMI 13 5G (Hawaiian Blue, 128 GB)",13999,30.0,4.2,14263,753,Mid
"MOTOROLA Edge 60 Pro (Pantone Walnut, 256 GB)",33999,17.0,4.3,12995,1075,Premium
"Samsung Galaxy A36 5G (Awesome Black, 128 GB)",27865,22.0,4.3,1708,130,Mid
"OPPO A3x 5G (Starry Purple, 64 GB)",12999,13.0,4.2,5108,195,Mid
"Samsung Galaxy A17 5G (Blue, 256 GB)",22385,15.0,4.3,273,11,Mid
"realme 13 Pro 5G (Monet Gold, 512 GB)",25899,26.0,4.3,1141,75,Mid
"OPPO A6x 5G (Olive Green, 128 GB)",13499,15.0,4.8,13,0,Mid
"Samsung Galaxy S24 5G Snapdragon (Onyx Black, 256 GB)",45999,42.0,4.6,46887,2583,Premium
"Google Pixel 10 (Frost, 256 GB)",79999,,4.5,1227,80,Luxury
"Samsung Galaxy A16 5G (Light Green, 128 GB)",17499,18.0,4.2,3836,204,Mid
"vivo V60 5G (Auspicious Gold, 256 GB)",40599,11.0,4.5,1167,95,Premium
"Samsung Galaxy S24 5G Snapdragon (Marble Gray, 256 GB)",45999,42.0,4.6,46887,2583,Premium
"Samsung Galaxy S24 5G Snapdragon (Amber Yellow, 128 GB)",40999,45.0,4.6,46887,2583,Premium
"POCO X7 5G (Glacier Green, 128 GB)",17999,28.0,4.3,27693,2095,Mid
"vivo Y31 Pro 5G (Dreamy White, 256 GB)",20999,17.0,4.4,192,10,Mid
"vivo Y31 Pro 5G (Mocha Brown, 256 GB)",20999,17.0,4.4,192,10,Mid
"realme 13 Pro+ 5G (Monet Gold, 256 GB)",26999,30.0,4.4,10441,967,Mid
"Google Pixel 10 (Lemongrass, 256 GB)",79999,,4.5,1227,80,Luxury
"Samsung Galaxy S24 5G Snapdragon (Amber Yellow, 256 GB)",45999,42.0,4.6,46887,2583,Premium
"realme 13 Pro+ 5G (Emerald Green, 256 GB)",25999,29.0,4.4,17169,1672,Mid
"OPPO A3x 5G (Starlight White, 64 GB)",14999,,4.2,5108,195,Mid
"REDMI 14C 5G (Stardust Purple, 128 GB)",11999,20.0,4.2,8833,442,Mid
"OPPO F31 5G (Cloud Green, 256 GB)",26999,10.0,4.3,1263,68,Mid
"Samsung Galaxy F15 5G (Jazzy Green, 128 GB)",16999,,4.2,35798,2641,Mid
"REDMI A5 (Jaisalmer Gold, 128 GB)",7999,20.0,4.2,4349,221,Budget
"Samsung Galaxy F17 5G (Violet Pop, 128 GB)",14499,19.0,4.1,57,5,Mid
"OPPO F31 5G (Midnight Blue, 128 GB)",24999,10.0,4.3,1263,68,Mid
"REDMI Note-14 Pro+ 5G (Spectre Blue, 256 GB)",26900,27.0,4.4,470,26,Mid
"Samsung Galaxy F56 5G (Green, 256 GB)",24999,26.0,4.4,231,15,Mid
"OPPO F31 Pro+ 5G (Himalayan White, 256 GB)",34999,12.0,4.3,260,13,Premium
"REDMI 13C (Starfrost White, 256 GB)",11500,11.0,4.1,1806,92,Mid
"Samsung Galaxy S24 5G Snapdragon (Onyx Black, 256 GB)",45999,42.0,4.6,46887,2583,Premium
"Google Pixel 10 (Frost, 256 GB)",79999,,4.5,1217,80,Luxury
"vivo Y22 (Metaverse Green, 64 GB)",10990,38.0,4.3,2473,143,Mid
"vivo Y22 (Starlit Blue, 128 GB)",13499,28.0,4.3,2473,143,Mid
"REDMI 13 5G (Orchid Pink, 128 GB)",13999,30.0,4.2,14263,753,Mid
"realme 13 5G (Dark Purple, 128 GB)",15790,28.0,4.3,1431,65,Mid
"Samsung Galaxy S24 5G Snapdragon (Marble Gray, 256 GB)",45999,42.0,4.6,46887,2583,Premium
"Samsung Galaxy S24 5G Snapdragon (Amber Yellow, 128 GB)",40999,45.0,4.6,46887,2583,Premium
"realme 13 5G (Speed Green, 128 GB)",15490,29.0,4.3,1431,65,Mid
"realme 13 Pro+ 5G (Monet Purple, 256 GB)",25690,30.0,4.4,17169,1672,Mid
"Google Pixel 10 (Lemongrass, 256 GB)",79999,,4.5,1217,80,Luxury
"Samsung Galaxy S24 5G Snapdragon (Amber Yellow, 256 GB)",45999,42.0,4.6,46887,2583,Premium
"REDMI 14C 5G (Stargaze Black, 128 GB)",10499,25.0,4.2,8463,427,Mid
"REDMI 14C 5G (Stardust Purple, 64 GB)",9499,26.0,4.2,8463,427,Budget
"REDMI 14C 5G (Starlight Blue, 128 GB)",10499,25.0,4.2,8463,427,Mid
"Samsung Galaxy F55 5G (Apricot Crush, 128 GB)",19999,31.0,4.0,3169,253,Mid
"POCO C85 5G (Spring Green, 128 GB)",14499,14.0,4.9,7,2,Mid
"REDMI A5 (Pondicherry Blue, 64 GB)",6999,22.0,4.1,6205,295,Budget
"Google Pixel 6a (Chalk, 128 GB)",25999,40.0,4.3,76025,8526,Mid
"vivo X200 FE (Frost Blue, 512 GB)",59999,7.0,4.6,736,94,Premium
"Samsung Galaxy A16 5G (Blue Black, 128 GB)",15946,20.0,4.2,4094,181,Mid
"LAVA Shark (Titanium Gold, 64 GB)",7099,8.0,4.1,174,8,Budget
"vivo Y19 5G (Titanium Silver, 128 GB)",12999,21.0,4.2,281,8,Mid
"vivo Y19 5G (Majestic Green, 128 GB)",12999,21.0,4.2,281,8,Mid
"REDMI Note 13 Pro+ 5G (Fusion Black, 256 GB)",26490,26.0,4.3,11908,1023,Mid
"itel A90 (Starlit Black, 64 GB)",6490,21.0,4.2,118,6,Budget
"Samsung Galaxy S24 5G Snapdragon (Onyx Black, 256 GB)",45999,42.0,4.6,46887,2583,Premium
"Google Pixel 10 (Frost, 256 GB)",79999,,4.5,1217,80,Luxury
"Samsung Galaxy S25 Edge 5G (Titanium Silver, 256 GB)",89999,18.0,4.8,51,2,Luxury
"LAVA Storm Play 5G (Dune Titanium, 128 GB)",11249,16.0,4.2,139,9,Mid
"Samsung Galaxy S24 5G Snapdragon (Marble Gray, 256 GB)",45999,42.0,4.6,46887,2583,Premium
"Samsung Galaxy S24 5G Snapdragon (Amber Yellow, 128 GB)",40999,45.0,4.6,46887,2583,Premium
"OPPO F27 Pro+ (Dusk Pink, 256 GB)",27999,20.0,4.4,16280,691,Mid
"Samsung Galaxy A16 5G (Gold, 128 GB)",15980,25.0,4.2,3836,204,Mid
"vivo Y400 Pro 5G (Nebula Purple, 256 GB)",27999,12.0,4.4,1227,62,Mid
"Infinix GT 30 5G+ Pulse Green 128 (Pulse Green, 128 GB)",19499,22.0,4.5,302,16,Mid
"Google Pixel 10 (Lemongrass, 256 GB)",79999,,4.5,1217,80,Luxury
"Samsung Galaxy S24 5G Snapdragon (Amber Yellow, 256 GB)",45999,42.0,4.6,46887,2583,Premium
"Samsung Galaxy A16 5G (Blue Black, 128 GB)",17480,18.0,4.2,3836,204,Mid
"OPPO F31 Pro 5G (Desert Gold, 256 GB)",31999,11.0,4.1,85,5,Premium
"OPPO A5x (Midnight Blue, 64 GB)",8999,30.0,4.2,90,5,Budget
"REDMI 14C 5G (Stargaze Black, 64 GB)",9998,23.0,4.2,8463,427,Budget
"REDMI A5 (Just Black, 128 GB)",7999,20.0,4.2,4349,221,Budget
"Apple iPhone 14 Plus (Blue, 128 GB)",69900,,4.6,86783,4756,Premium
"OPPO F31 Pro 5G (Desert Gold, 128 GB)",27999,12.0,4.3,588,50,Mid
"vivo Y400 Pro 5G (Freestyle White, 128 GB)",25999,13.0,4.4,1227,62,Mid
"Samsung Galaxy S24 5G Snapdragon (Onyx Black, 256 GB)",45999,42.0,4.6,46887,2583,Premium
"Google Pixel 10 (Frost, 256 GB)",79999,,4.5,1217,80,Luxury
"Samsung Galaxy A06 5G (Light Green, 128 GB)",10999,29.0,4.1,2370,142,Mid
"vivo Y400 Pro 5G (Fest Gold, 128 GB)",25999,13.0,4.4,1227,62,Mid
"Samsung Galaxy S24 5G Snapdragon (Marble Gray, 256 GB)",45999,42.0,4.6,46887,2583,Premium
"Samsung Galaxy S24 5G Snapdragon (Amber Yellow, 128 GB)",40999,45.0,4.6,46887,2583,Premium
"Alcatel V3 Ultra 5G (Ocean Grey, 128 GB)",15999,46.0,4.3,294,30,Mid
"realme GT 8 Pro (Diary White, 512 GB)",78999,9.0,4.7,39,15,Luxury
"LAVA Yuva 3 with Dual Sim|5000 mAh Battery|13MP Rear Camera |Expandable Upto 512 GB (Cosmic Lavender, ...",6890,13.0,3.9,528,24,Budget
"OPPO A3x 5G (Sparkle Black, 64 GB)",11999,20.0,4.2,5108,195,Mid
"Google Pixel 10 (Lemongrass, 256 GB)",79999,,4.5,1217,80,Luxury
"Samsung Galaxy S24 5G Snapdragon (Amber Yellow, 256 GB)",45999,42.0,4.6,46887,2583,Premium
"OPPO A5x 5G (Midnight Blue, 128 GB)",12499,26.0,4.3,441,12,Mid
"vivo Y300 Plus 5G (Silk Black, 128 GB)",23999,20.0,4.4,411,24,Mid
"OPPO A3 5G (Ocean Blue, 128 GB)",13879,30.0,4.2,1460,65,Mid
"Alcatel V3 Ultra 5G (Champagne Gold, 128 GB)",15999,46.0,4.3,294,30,Mid
"vivo V50 5G (Titanium Grey, 256 GB)",34999,18.0,4.5,8000,651,Premium
"Ai+ Nova 5G (Pink, 128 GB)",9999,23.0,3.9,3144,286,Budget
"Samsung Galaxy A36 5G (Awesome Lavender, 256 GB)",31499,25.0,4.3,1708,130,Premium
"realme GT 8 Pro (Urban Blue, 256 GB)",72999,8.0,4.8,40,28,Premium
"vivo T3 Lite 5G (Vibrant Green, 128 GB)",10499,27.0,4.4,73031,2368,Mid
"vivo T3 Lite 5G (Vibrant Green, 128 GB)",11499,25.0,4.4,107540,3644,Mid
"REDMI 13c 5G (Startrail Green, 128 GB)",9654,31.0,4.3,47081,1847,Budget
"Tecno Spark 30C 5G (Aurora Cloud, 64 GB)",9999,16.0,4.1,1114,49,Budget
"Samsung Galaxy S25 Plus 5G (Silver Shadow, 256 GB)",74999,25.0,4.7,213,32,Premium
"OPPO A6x 5G (Olive Green, 128 GB)",14999,14.0,4.1,12,0,Mid
"Samsung Galaxy S24 5G Snapdragon (Marble Gray, 128 GB)",40999,45.0,4.6,46887,2583,Premium
"realme P4x 5G (Matte Silver, 128 GB)",15999,11.0,4.4,2128,233,Mid
"Ai+ Nova 5G (Green, 128 GB)",9999,23.0,3.9,3144,286,Budget
"realme GT 7T (IceSense Blue, 256 GB)",37999,11.0,4.5,303,28,Premium
"OPPO F31 5G (Midnight Blue, 256 GB)",26999,10.0,4.3,1263,68,Mid
"Samsung Galaxy M56 5G (Black, 128 GB)",21499,30.0,4.3,696,47,Mid
"Samsung Galaxy A35 5G (Awesome Lilac, 128 GB)",18499,45.0,4.4,64204,3720,Mid
"Samsung Galaxy F36 5G (Red, 128 GB)",16999,33.0,4.3,8359,479,Mid
"REDMI A3X (Olive Green, 64 GB)",6979,33.0,4.1,10121,427,Budget
"Samsung Galaxy A36 5G (Awesome Lavender, 256 GB)",34499,24.0,4.4,259,18,Premium
"Samsung Galaxy F36 5G (Violet, 128 GB)",16999,33.0,4.3,8359,479,Mid
"Samsung Galaxy A35 5G (Awesome Navy, 256 GB)",20499,44.0,4.4,64204,3720,Mid
"REDMI A3X (Starry White, 64 GB)",7199,28.0,4.0,13157,575,Budget
"OPPO A6x 5G (Ice Blue, 128 GB)",13499,15.0,4.8,13,0,Mid
"Samsung Galaxy A17 5G (Black, 128 GB)",17995,23.0,4.3,273,11,Mid
"OPPO F31 5G (Bloom Red, 256 GB)",26999,10.0,4.3,1263,68,Mid
"Samsung Galaxy F36 5G (Black, 128 GB)",16999,33.0,4.3,8359,479,Mid
"Samsung Galaxy S24 5G Snapdragon (Cobalt Violet, 256 GB)",45999,42.0,4.6,46887,2583,Premium
"Ai+ Nova 5G (Sparkle Red, 128 GB)",9999,23.0,3.9,3144,286,Budget
"OPPO A6x 5G (Ice Blue, 64 GB)",12499,13.0,4.8,13,0,Mid
"Google Pixel 10 (Indigo, 256 GB)",79999,,4.5,1217,80,Luxury
"Samsung Galaxy F36 5G (Black, 256 GB)",21499,28.0,4.2,4179,287,Mid
"Apple iPhone 16 (Ultramarine, 256 GB)",79900,,4.6,194818,6209,Luxury
"OPPO Reno11 5G (Rock Grey, 128 GB)",27989,28.0,4.3,11545,1058,Mid
"REDMI 13 5G (Orchid Pink, 128 GB)",12499,30.0,4.3,48446,2402,Mid
"Tecno Spark 30C 5G (Midnight Shadow, 128 GB)",10499,19.0,4.1,1114,49,Mid
"itel A90 (Starlit Black, 64 GB)",6199,21.0,4.0,7,1,Budget
"itel A90 (Space Titanium, 64 GB)",6199,21.0,4.0,7,1,Budget
"vivo Y400 5G (Glam White, 128 GB)",22999,11.0,4.3,514,20,Mid
"Motorola G32 (Satin Silver, 64 GB)",10999,35.0,4.2,47056,3961,Mid
"OPPO Reno13 Pro 5G (Graphite Grey, 512 GB)",54999,9.0,4.5,1017,128,Premium
"realme Gt 7 (Icesense Black, 512 GB)",43999,16.0,4.3,244,19,Premium
"vivo T3 Lite 5G (Majestic Black, 128 GB)",14999,3.0,4.4,107540,3644,Mid
"REDMI Note 14 5G (Titan Black, 256 GB)",18220,27.0,4.2,3540,199,Mid
"Tecno Spark 30C 5G (Midnight Shadow, 128 GB)",12999,13.0,4.3,120,11,Mid
"Tecno Spark 30C 5G (Azure Sky, 128 GB)",12999,13.0,4.3,120,11,Mid
"Apple iPhone 17 Pro (Cosmic Orange, 256 GB)",134900,,4.7,621,46,Luxury
"REDMI Note 10 Pro (Glacial Blue, 128 GB)",19999,,4.3,44541,3987,Mid
"vivo Y400 5G (Glam White, 256 GB)",24999,10.0,4.3,514,20,Mid
"realme 14 Pro Lite 5G (Glass Purple, 256 GB)",23999,14.0,4.3,724,41,Mid
"Samsung Galaxy A06 5G (Light Green, 64 GB)",9690,30.0,4.1,2370,142,Budget
"OnePlus Nord CE 3 Lite 5G (Pastel Lime, 128 GB)",18772,27.0,4.4,176560,8708,Mid
"Samsung Galaxy M55 5G (Light Green, 256 GB)",21695,38.0,4.1,143,11,Mid
"LAVA Agni 3 5G (Pristine Glass, 128 GB)",16999,41.0,3.8,207,26,Mid
"vivo Y400 5G (Olive Green, 256 GB)",24999,10.0,4.3,514,20,Mid
"realme 13 Pro 5G (Monet Purple, 128 GB)",21378,26.0,4.4,8072,540,Mid
"Google Pixel 10 (Indigo, 256 GB)",79999,,4.5,1217,80,Luxury
"Samsung Galaxy F36 5G (Black, 128 GB)",18499,31.0,4.2,4179,287,Mid
"vivo V50e 5G (Pearl White, 256 GB)",26897,25.0,4.4,3020,177,Mid
"Samsung Galaxy A07 LTE (Green, 64 GB)",7360,29.0,4.4,31,1,Budget
"Samsung Galaxy F36 5G (Black, 256 GB)",21499,28.0,4.2,4179,287,Mid
"Samsung Galaxy A35 5G (Awesome Iceblue, 128 GB)",18499,45.0,4.4,64204,3720,Mid
"Samsung Galaxy S25 5G (Navy, 256 GB)",74999,7.0,4.6,2762,311,Premium
"OPPO F31 5G (Bloom Red, 128 GB)",24999,10.0,4.3,1263,68,Mid
"Tecno Pova Curve 5G (Magic Silver, 128 GB)",17999,10.0,4.3,1267,133,Mid
"Tecno Spark Go 1 (Startrail Black, 64 GB)",6899,19.0,4.2,1775,82,Budget
"Samsung Galaxy A35 5G (Awesome Navy, 128 GB)",18499,45.0,4.4,64204,3720,Mid
"Samsung Galaxy S24 5G Snapdragon (Onyx Black, 128 GB)",40999,45.0,4.6,46887,2583,Premium
"OPPO F29 5G (Solid Purple, 256 GB)",23999,22.0,4.4,2600,141,Mid
"OPPO A5x 5G (Midnight Blue, 128 GB)",13999,24.0,4.4,275,12,Mid
"Samsung Galaxy S24 5G Snapdragon (Cobalt Violet, 128 GB)",40999,45.0,4.6,46887,2583,Premium
"Samsung Galaxy F36 5G (Violet, 128 GB)",18499,31.0,4.2,4179,287,Mid
"REDMI Note 14 5G (Titan Black, 128 GB)",15390,30.0,4.3,2999,141,Mid
"Infinix GT 30 5G+ Cyber Blue 128 (Cyber Blue, 128 GB)",19499,22.0,4.5,214,10,Mid
"vivo V60 5G (Mist Gray, 256 GB)",44999,2.0,4.5,1167,95,Premium
"vivo V50e 5G (Pearl White, 128 GB)",26999,20.0,4.4,3020,177,Mid
"Samsung Galaxy F36 5G (Red, 128 GB)",18499,31.0,4.2,4179,287,Mid
"Google Pixel 10 (Obsidian, 256 GB)",79999,,4.5,1217,80,Luxury
"Samsung Galaxy A56 5G (Awesome Olive, 256 GB)",41990,20.0,4.4,477,31,Premium
"Motorola G32 (Mineral Gray, 64 GB)",10999,35.0,4.2,47056,3961,Mid
"REDMI 12 (Pastel Blue, 128 GB)",9490,36.0,4.3,111419,5610,Budget
"realme C63 (Jade Green, 128 GB)",8999,18.0,4.3,11893,572,Budget
"Xiaomi 14 CIVI (Aqua Blue, 512 GB)",36999,38.0,4.3,1142,105,Premium
"Samsung Galaxy M16 5G (Mint Green, 128 GB)",16499,1.0,4.2,1176,58,Mid
"Alcatel V3 Ultra 5G (Champagne Gold, 128 GB)",14999,46.0,4.0,188,24,Mid
"realme Gt 7 (Icesense Black, 256 GB)",37999,17.0,4.5,260,22,Premium
"OPPO RENO 13 5G (LUMINOUS BLUE, IVORY WHITE, 128 GB)",27850,33.0,4.2,378,32,Mid
"LAVA Shark (Stealth Black, 64 GB)",7099,8.0,4.1,174,8,Budget
"Tecno Spark 30C 5G (Aurora Cloud, 128 GB)",12999,13.0,4.3,120,11,Mid
"REDMI Note 14 5G (Mystique White, 128 GB)",15191,30.0,4.3,2999,141,Mid
"Samsung Galaxy A17 5G (Gray, 128 GB)",19929,15.0,4.3,273,11,Mid
"Motorola G34 5G (Ice Blue, 128 GB)",11999,20.0,4.2,148898,10009,Mid
"realme C63 5G Charger in the Box (Forest Green, 128 GB)",10999,15.0,4.4,7072,273,Mid
"Tecno Spark Go 1 (Magic Skin Green, 64 GB)",6899,19.0,4.2,1775,82,Budget
"OPPO Reno13 Pro 5G (Graphite Grey, 256 GB)",37782,31.0,4.5,1017,128,Premium
"vivo V50 5G (Titanium Grey, 128 GB)",31998,20.0,4.5,8000,651,Premium
"OPPO A5 5G (Aurora Green, 128 GB)",17999,14.0,4.3,104,2,Mid
"OPPO A5 5G (Mist White, 128 GB)",17999,14.0,4.3,104,2,Mid
"realme 13 Pro+ 5G (Monet Purple, 512 GB)",27998,31.0,4.4,10441,967,Mid
"vivo V50 5G (Rose Red, 128 GB)",32500,18.0,4.5,8000,651,Premium
"Apple iPhone 17 Pro Max (Silver, 512 GB)",169900,,4.8,396,34,Luxury
"POCO C85 5G (Mystic Purple, 128 GB)",11999,17.0,4.4,38,2,Mid
"REDMI Note-14 Pro+ 5G (Titan Black, 512 GB)",39999,,4.4,403,12,Premium
"OPPO A5 Pro 5G (Feather Blue, 128 GB)",18999,13.0,4.3,649,21,Mid
"OPPO A78 (Mist Black, 128 GB)",14990,34.0,4.3,1168,71,Mid
"realme C67 5G (Sunny Oasis, 128 GB)",12499,30.0,4.3,1403,105,Mid
"realme 13 Pro+ 5G (Monet Gold, 256 GB)",25989,29.0,4.4,17169,1672,Mid
"Infinix Note 11 (Celestial Snow, 128 GB)",14499,14.0,4.2,11837,1303,Mid
"REDMI Note-14 Pro 5G (Phantom Purple, 128 GB)",20990,27.0,4.4,485,25,Mid
"OPPO A5 Pro 5G (Mocha Brown, 128 GB)",18999,13.0,4.3,649,21,Mid
"OnePlus Nord 4 5G (Obsidian Midnight, 256 GB)",28490,13.0,4.5,4664,283,Mid
"OPPO F31 Pro 5G (Space Grey, 256 GB)",29999,11.0,4.3,588,50,Mid
"OPPO F31 Pro 5G (Desert Gold, 256 GB)",29999,11.0,4.3,588,50,Mid
"Samsung Galaxy A17 5G (Black, 256 GB)",22999,13.0,4.3,273,11,Mid
"REDMI 13 5G (Hawaiian Blue, 128 GB)",12499,30.0,4.3,48446,2402,Mid
"REDMI 15C 5G (Moonlight Blue, 128 GB)",14348,10.0,5.0,4,0,Mid
"Samsung Galaxy S24 Exynos 5G (Marble Gray, 256 GB)",55999,30.0,4.6,8426,443,Premium
"OPPO A59 5G (Silk Gold, 128 GB)",13990,22.0,4.3,1266,59,Mid
"Alcatel V3 Ultra 5G (Ocean Grey, 128 GB)",14999,46.0,4.0,188,24,Mid
"vivo Y400 Pro 5G (Freestyle White, 256 GB)",27999,12.0,4.4,1227,62,Mid
"vivo Y19 5G (Majestic Green, 128 GB)",13999,6.0,4.3,1701,67,Mid
"Google Pixel 10 Pro (Obsidian, 256 GB)",109999,,4.6,316,31,Luxury
"OnePlus Nord 4 5G (Oasis Green, 256 GB)",27639,18.0,4.5,4664,283,Mid
"REDMI 13C 5G (Starlight Black, 128 GB)",9999,28.0,4.3,47081,1847,Budget
"LAVA Blaze Dragon 5G (Golden Mist, 128 GB)",9487,27.0,3.9,37,2,Budget
"REDMI 13 5G (Black Diamond, 128 GB)",12499,30.0,4.3,48446,2402,Mid
"Infinix Note 11 (Graphite Black, 64 GB)",12499,16.0,4.3,39846,4606,Mid
"REDMI Note-14 Pro 5G (Phantom Purple, 256 GB)",30999,,4.4,485,25,Premium
"OnePlus 11 5G (Marble Odyssey, 256 GB)",38999,40.0,4.5,1900,159,Premium
"OPPO A5x (Midnight Blue, 128 GB)",9999,28.0,4.2,90,5,Budget
"OPPO Reno10 5G (Ice Blue, 256 GB)",26999,30.0,4.3,43247,4976,Mid
"vivo V50 5G (Rose Red, 128 GB)",30799,23.0,4.5,8000,651,Premium
"Samsung Galaxy A26 5G (Awesome White, 128 GB)",21979,21.0,4.1,247,28,Mid
"OPPO Reno11 Pro 5G (Pearl White, 256 GB)",31899,29.0,4.4,3881,443,Premium
"OnePlus Nord CE 3 Lite 5G (Chromatic Gray, 128 GB)",19999,4.0,4.4,176560,8708,Mid
"OnePlus Nord CE 3 Lite 5G (Chromatic Gray, 256 GB)",21999,18.0,4.4,176560,8708,Mid
"OPPO A5 Pro 5G (Feather Blue, 256 GB)",20999,12.0,4.3,649,21,Mid
"OPPO Reno11 5G (Wave Green, 128 GB)",24999,35.0,4.3,11545,1058,Mid
"OnePlus 11 5G (Eternal Green, 128 GB)",32770,42.0,4.4,1345,128,Premium
"Alcatel V3 Ultra 5G (Hyper Blue, 128 GB)",15999,46.0,4.3,294,30,Mid
"Tecno Pova Curve 5G (Magic Silver, 256 GB)",19999,16.0,4.3,1267,133,Mid
"realme 13 Pro 5G (Emerald Green, 512 GB)",25899,26.0,4.3,1141,75,Mid
"realme Narzo N61 (Vyage Blue, 64 GB)",7599,13.0,4.3,6387,282,Budget
"REDMI Note-14 Pro+ 5G (Titan Black, 256 GB)",27777,24.0,4.4,470,26,Mid
"vivo Y58 5G (Himalayan Blue, 128 GB)",16999,29.0,4.4,1443,68,Mid
"Redmi 5A (Gold, 32 GB)",6999,,4.4,603397,63614,Budget
"REDMI Note 14 Pro 5G (Titan Black, 128 GB)",20720,28.0,4.3,5258,370,Mid
"Samsung Galaxy Z Fold5 (Icy Blue, 256 GB)",95999,40.0,4.5,617,36,Luxury
"Samsung Galaxy S25 Edge 5G (Titanium Jetblack, 256 GB)",89999,18.0,4.8,51,2,Luxury
"Samsung Galaxy S24 Exynos 5G (Marble Gray, 128 GB)",49999,33.0,4.6,8426,443,Premium
"Tecno Pova Curve 5G (Cyber Orange, 128 GB)",17999,10.0,4.3,1267,133,Mid
"Tecno Pova Curve 5G (Neon Cyan, 256 GB)",19999,16.0,4.3,1267,133,Mid
"REDMI Note-14 Pro 5G (Ivy Green, 128 GB)",21748,25.0,4.4,485,25,Mid
"realme Narzo 80 Pro 5G (Speed Silver, 256 GB)",21780,16.0,4.5,799,41,Mid
"Redmi 5A (Blue, 16 GB)",5999,,4.5,78276,8567,Budget
"Apple iPhone 17 Pro (Silver, 512 GB)",154900,,4.7,621,46,Luxury
"realme C67 5G (Sunny Oasis, 128 GB)",11499,32.0,4.4,7973,528,Mid
"realme P1 Pro 5G (Parrot Blue, 256 GB)",16999,34.0,4.5,31477,1982,Mid
"OPPO F25 Pro 5G (Coral Purple, 128 GB)",23999,17.0,4.3,6897,497,Mid
"realme C63 5G Charger in the Box (Forest Green, 128 GB)",10999,21.0,4.5,24849,740,Mid
"Samsung Galaxy A17 5G (Black, 128 GB)",18909,19.0,4.3,273,11,Mid
"realme GT 6T 5G (Miracle Purple, 256 GB)",28790,20.0,4.5,3389,249,Mid
"REDMI A3 (Midnight Black, 128 GB)",7999,27.0,4.2,2061,82,Budget
"realme 13 Pro 5G (Monet Gold, 128 GB)",21388,26.0,4.4,8072,540,Mid
"LAVA Yuva Smart (Glossy Lavender, 64 GB)",6499,2.0,4.0,265,15,Budget
"IQOO Z10 5G (Glacier Silver / Silver, 256 GB)",27997,6.0,4.4,1056,60,Mid
"OPPO F31 Pro+ 5G (Festival Pink, 256 GB)",32999,13.0,4.4,255,27,Premium
"realme 14 Pro Lite 5G (Glass Gold, 256 GB)",23999,14.0,4.3,724,41,Mid
"realme 12+ 5G (Pioneer Green, 128 GB)",20999,12.0,4.3,20584,1804,Mid
"realme C75 5G (Lily White, 128 GB)",12339,22.0,4.2,1184,68,Mid
"Samsung Galaxy A05s (Light Green, 128 GB)",10999,37.0,4.2,246,11,Mid
"realme 14X 5G (JWEL RED, 128 GB)",14990,11.0,4.3,13686,669,Mid
"realme GT 6T 5G (Fluid Silver, 256 GB)",31446,17.0,4.5,1267,108,Premium
"OnePlus Nord 4 5G (Mercurial Silver, 256 GB)",30990,13.0,4.5,720,31,Premium
"Samsung Galaxy M16 5G (Blush Pink, 128 GB)",17499,,4.3,217,9,Mid
"OPPO F31 Pro 5G (Space Grey, 128 GB)",27999,12.0,4.3,588,50,Mid
