Title,Price,Discount,Star Rating,Rating Count,Reviews Count
"Samsung Galaxy S24 5G Snapdragon (Marble Gray, 128 GB)","₹40,999",45%,4.6,"46,887","2,583"
"realme P4x 5G (Matte Silver, 128 GB)","₹15,999",11%,4.4,"2,128",233
"realme C61 (Marble Black, 64 GB)","₹6,999",22%,4.3,"39,071","1,258"
"POCO C71 (Desert Gold, 128 GB)","₹7,299",27%,4.1,"28,811","1,359"
"Samsung Galaxy A35 5G (Awesome Lilac, 128 GB)","₹18,499",45%,4.4,"64,204","3,720"
"Samsung Galaxy F36 5G (Red, 128 GB)","₹16,999",33%,4.3,"8,359",479
"MOTOROLA g57 power 5G (Pantone Corsair, 128 GB)","₹14,999",16%,4.5,"4,158",261
"Samsung Galaxy F07 (Green, 64 GB)","₹6,799",32%,4.2,"2,067",108
"MOTOROLA g35 5G (Leaf Green, 128 GB)","₹9,999",20%,4.2,"1,13,674","7,116"
"Ai+ Pulse (Black, 64 GB)","₹5,999",25%,4.3,"38,924","2,401"
"Samsung Galaxy F36 5G (Violet, 128 GB)","₹16,999",33%,4.3,"8,359",479
"Samsung Galaxy F36 5G (Black, 128 GB)","₹16,999",33%,4.3,"8,359",479
"REDMI Note 14 SE 5G (Crimson Art, 128 GB)","₹13,499",32%,4.3,"19,385",799
"MOTOROLA g67 power 5G (Pantone Cilantro, 128 GB)","₹16,999",10%,4.4,"3,954",255
"MOTOROLA g35 5G (Midnight Black, 128 GB)","₹9,999",20%,4.2,"1,13,674","7,116"
"POCO M7 5G (Ocean Blue, 128 GB)","₹9,599",26%,4.1,"67,747","3,149"
"Samsung Galaxy S24 5G Snapdragon (Cobalt Violet, 256 GB)","₹45,999",42%,4.6,"46,887","2,583"
"Google Pixel 10 (Indigo, 256 GB)","₹79,999",,4.5,"1,217",80
"realme C61 (Safari Green, 64 GB)","₹6,999",22%,4.3,"39,071","1,258"
"POCO M7 5G (Mint Green, 128 GB)","₹10,599",24%,4.2,"14,417",698
"Samsung Galaxy F36 5G (Black, 256 GB)","₹21,499",28%,4.2,"4,179",287
"Samsung Galaxy F36 5G (Black, 128 GB)","₹18,499",31%,4.2,"4,179",287
"POCO M7 5G (Satin Black, 128 GB)","₹9,599",26%,4.1,"67,747","3,149"
"MOTOROLA g05 (Forest Green, 64 GB)","₹7,299",27%,4.2,"73,852","4,529"
"Motorola Edge 50 Fusion (Forest Green, 128 GB)","₹17,999",30%,4.4,"1,39,984","8,881"
"MOTOROLA g35 5G (Midnight Black, 128 GB)","₹12,499",19%,4.2,"4,774",225
"Samsung Galaxy S24 5G Snapdragon (Marble Gray, 128 GB)","₹40,999",45%,4.6,"46,887","2,583"
"realme P4x 5G (Matte Silver, 128 GB)","₹15,999",11%,4.4,"2,128",233
"MOTOROLA g35 5G (Guava Red, 128 GB)","₹9,999",20%,4.2,"1,13,674","7,116"
"vivo T4R 5G (Twilight Blue, 128 GB)","₹20,999",10%,4.5,"47,882","2,125"
"Samsung Galaxy A35 5G (Awesome Lilac, 128 GB)","₹18,499",45%,4.4,"64,204","3,720"
"Samsung Galaxy F36 5G (Red, 128 GB)","₹16,999",33%,4.3,"8,359",479
"OnePlus Nord CE5 5G (Nexus Blue, 128 GB)","₹24,968",,4.5,"5,762",316
"MOTOROLA g06 power (Pantone Tendril, 64 GB)","₹7,999",20%,4.3,"2,920",211
"OPPO K13x 5G 6000mAh and 45W SUPERVOOC Charger & AI (Sunset Peach, 128 GB)","₹12,499",21%,4.4,"20,572","1,586"
"MOTOROLA G96 5G (Pantone Greener Pastures, 256 GB)","₹19,999",13%,4.4,"76,829","3,849"
"Samsung Galaxy F36 5G (Violet, 128 GB)","₹16,999",33%,4.3,"8,359",479
"Samsung Galaxy A35 5G (Awesome Navy, 256 GB)","₹20,499",44%,4.4,"64,204","3,720"
"vivo T4x 5G (Pronto Purple, 128 GB)","₹15,499",13%,4.4,"1,94,611","8,617"
"realme C71 (Obsidian Black, 64 GB)","₹7,797",13%,4.3,517,18
"Samsung Galaxy F36 5G (Black, 128 GB)","₹16,999",33%,4.3,"8,359",479
"Samsung Galaxy S24 5G Snapdragon (Cobalt Violet, 256 GB)","₹45,999",42%,4.6,"46,887","2,583"
"MOTOROLA g05 (Plum Red, 64 GB)","₹7,299",27%,4.2,"73,852","4,529"
"realme Narzo 80 Lite 4G (Obsidian Black, 128 GB)","₹8,499",22%,4.3,"1,077",57
"POCO C71 (Power Black, 64 GB)","₹8,999",,3.9,"53,179","2,405"
"CMF by Nothing Phone 2 Pro (White, 128 GB)","₹18,999",17%,4.4,"63,220","4,344"
"Google Pixel 10 (Indigo, 256 GB)","₹79,999",,4.5,"1,217",80
"Samsung Galaxy F36 5G (Black, 256 GB)","₹21,499",28%,4.2,"4,179",287
"Samsung Galaxy F06 5G (Bahama Blue, 64 GB)","₹8,499",39%,4.2,"37,263","2,204"
"MOTOROLA g06 power (Tapestry, 64 GB)","₹7,999",20%,4.3,"2,877",208
"Samsung Galaxy S24 5G Snapdragon (Marble Gray, 128 GB)","₹40,999",45%,4.6,"46,887","2,583"
"realme P4x 5G (Matte Silver, 128 GB)","₹15,999",11%,4.4,"2,128",233
"MOTOROLA Edge 60 Stylus (PANTONE Gibraltar Sea, 256 GB)","₹19,999",31%,4.3,"13,429",988
"MOTOROLA Edge 60 Stylus (PANTONE Surf the Web, 256 GB)","₹19,999",31%,4.3,"13,429",988
"Samsung Galaxy F06 5G (Lit Violet, 128 GB)","₹8,999",41%,4.2,"37,263","2,204"
"POCO X7 Pro 5G (Yellow, 256 GB)","₹21,999",31%,4.3,"15,783","1,675"
"Samsung Galaxy A35 5G (Awesome Lilac, 128 GB)","₹18,499",45%,4.4,"64,204","3,720"
"Samsung Galaxy F36 5G (Red, 128 GB)","₹16,999",33%,4.3,"8,359",479
"Ai+ Pulse (Blue, 64 GB)","₹5,999",25%,4.3,"38,924","2,401"
"realme C71 (Sea Blue, 128 GB)","₹9,699",11%,4.2,"7,553",293
"Samsung Galaxy F36 5G (Violet, 128 GB)","₹16,999",33%,4.3,"8,359",479
"Samsung Galaxy A35 5G (Awesome Navy, 256 GB)","₹20,499",44%,4.4,"64,204","3,720"
"vivo T4x 5G (Marine Blue, 128 GB)","₹15,499",13%,4.4,"1,94,611","8,617"
"POCO C75 5G (Silver Stardust, 64 GB)","₹8,299",24%,4.2,"1,40,782","6,233"
"OnePlus Nord CE4 lite 5G (SUPER SILVER, 128 GB)","₹20,999",,4.4,"35,689","1,664"
"CMF by Nothing Phone 2 Pro (Orange, 128 GB)","₹18,999",17%,4.4,"63,220","4,344"
"Samsung Galaxy F36 5G (Black, 128 GB)","₹16,999",33%,4.3,"8,359",479
"Samsung Galaxy S24 5G Snapdragon (Cobalt Violet, 256 GB)","₹45,999",42%,4.6,"46,887","2,583"
"vivo T4x 5G (Pronto Purple, 256 GB)","₹18,499",11%,4.4,"1,45,197","6,900"
"CMF by Nothing Phone 2 Pro (Light Green, 128 GB)","₹18,999",17%,4.4,"63,220","4,344"
"Google Pixel 10 (Indigo, 256 GB)","₹79,999",,4.5,"1,217",80
"Samsung Galaxy F36 5G (Black, 256 GB)","₹21,499",28%,4.2,"4,179",287
"OPPO K13x 5G 6000mAh and 45W SUPERVOOC Charger & AI (Midnight Violet, 128 GB)","₹12,499",21%,4.4,"20,572","1,586"
"OnePlus Nord CE5 5G (Black Infinity, 256 GB)","₹26,980",,4.5,"5,762",316
"realme Narzo 80 Lite 4G (Beach Gold, 64 GB)","₹7,278",19%,4.3,"1,643",66
"POCO M7 5G (Mint Green, 128 GB)","₹9,599",26%,4.1,"67,747","3,149"
"Samsung Galaxy S24 5G Snapdragon (Marble Gray, 128 GB)","₹40,999",45%,4.6,"46,887","2,583"
"realme P4x 5G (Matte Silver, 128 GB)","₹15,999",11%,4.4,"2,128",233
"MOTOROLA Edge 60 Pro (Pantone Shadow, 256 GB)","₹33,999",17%,4.3,"12,995","1,075"
"realme 14 Pro+ 5G (Emerald Drift, 256 GB)","₹23,999",33%,4.4,"16,802","1,969"
"Samsung Galaxy A35 5G (Awesome Lilac, 128 GB)","₹18,499",45%,4.4,"64,204","3,720"
"Samsung Galaxy F36 5G (Red, 128 GB)","₹16,999",33%,4.3,"8,359",479
"POCO F7 5G (Phantom Black, 512 GB)","₹33,999",10%,4.4,"18,356","1,807"
"OPPO K13x 5G 6000mAh and 45W SUPERVOOC Charger & AI (Breeze Blue, 128 GB)","₹13,999",17%,4.5,"79,155","5,931"
"Samsung Galaxy F06 5G (Lit Violet, 64 GB)","₹8,499",32%,4.2,"37,263","2,204"
"vivo T4x 5G (Marine Blue, 256 GB)","₹18,499",11%,4.4,"1,45,197","6,900"
"Samsung Galaxy F36 5G (Violet, 128 GB)","₹16,999",33%,4.3,"8,359",479
"Samsung Galaxy A35 5G (Awesome Navy, 256 GB)","₹20,499",44%,4.4,"64,204","3,720"
"POCO M7 5G (Satin Black, 128 GB)","₹10,599",24%,4.2,"14,417",698
"MOTOROLA G86 Power 5G (Pantone Golden Cypress, 128 GB)","₹17,999",10%,4.3,"23,903","1,553"
"Samsung Galaxy F36 5G (Black, 128 GB)","₹16,999",33%,4.3,"8,359",479
"Samsung Galaxy S24 5G Snapdragon (Cobalt Violet, 256 GB)","₹45,999",42%,4.6,"46,887","2,583"
"IQOO Z10X 5G (Ultramarine, 256 GB)","₹18,149",11%,4.4,"4,502",218
"CMF by Nothing Phone 2 Pro (Black, 256 GB)","₹20,999",16%,4.4,"63,220","4,344"
"MOTOROLA Edge 60 Pro (Pantone Shadow, 256 GB)","₹29,999",18%,4.3,"42,114","3,151"
"realme P4 5G (Engine Blue, 128 GB)","₹17,999",14%,4.4,"17,272","1,105"
"Samsung Galaxy S24 5G Snapdragon (Marble Gray, 128 GB)","₹40,999",45%,4.6,"46,887","2,583"
"realme P4x 5G (Matte Silver, 128 GB)","₹15,999",11%,4.4,"2,128",233
"OnePlus Nord CE4 (Celadon Marble, 128 GB)","₹20,990",16%,4.4,"27,559","1,508"
"vivo T4 5G (Emerald Blaze, 256 GB)","₹24,999",10%,4.5,"88,766","4,006"
"Samsung Galaxy A35 5G (Awesome Lilac, 128 GB)","₹18,499",45%,4.4,"64,204","3,720"
"Samsung Galaxy F36 5G (Red, 128 GB)","₹16,999",33%,4.3,"8,359",479
"vivo T4 5G (Phantom Grey, 128 GB)","₹22,999",11%,4.5,"88,766","4,006"
"OnePlus Nord CE5 5G (Marble Mist, 256 GB)","₹26,869",,4.5,"5,762",316
"vivo T4R 5G (Arctic White, 128 GB)","₹20,999",10%,4.5,"47,882","2,125"
"realme Narzo 80x 5G (Sunlit Gold, 128 GB)","₹12,937",19%,4.2,"1,631",57
"Samsung Galaxy F36 5G (Violet, 128 GB)","₹16,999",33%,4.3,"8,359",479
"Samsung Galaxy A35 5G (Awesome Navy, 256 GB)","₹20,499",44%,4.4,"64,204","3,720"
"vivo T4x 5G (Glacial Teal, 256 GB)","₹18,499",11%,4.4,"1,45,197","6,900"
"realme Narzo 80x 5G (Deep Ocean, 128 GB)","₹13,490",20%,4.3,"2,187",87
"Samsung Galaxy F36 5G (Black, 128 GB)","₹16,999",33%,4.3,"8,359",479
"Samsung Galaxy S24 5G Snapdragon (Cobalt Violet, 256 GB)","₹45,999",42%,4.6,"46,887","2,583"
"Infinix Note 50s 5G+ (Titanium Grey, 128 GB)","₹16,999",15%,4.4,"9,004",572
"realme P3x 5G (Midnight Blue, 128 GB)","₹13,999",22%,4.4,"22,475",922
"POCO C85 5G (Mystic Purple, 128 GB)","₹12,999",16%,4.2,61,3
"POCO M6 Plus 5G (Ice Silver, 128 GB)","₹11,044",38%,4.2,"16,978",992
"Google Pixel 10 (Indigo, 256 GB)","₹79,999",,4.5,"1,217",80
"Samsung Galaxy F36 5G (Black, 256 GB)","₹21,499",28%,4.2,"4,179",287
"OnePlus Nord CE5 5G (Marble Mist, 128 GB)","₹24,887",,4.5,"5,762",316
"OPPO K13 5G with 7000mAh and 80W SUPERVOOC Charger In-The-Box (Icy Purple, 128 GB)","₹19,999",13%,4.5,"71,815","4,313"
"Samsung Galaxy S24 5G Snapdragon (Marble Gray, 128 GB)","₹40,999",45%,4.6,"46,887","2,583"
"realme P4x 5G (Matte Silver, 128 GB)","₹15,999",11%,4.4,"2,128",233
"POCO C71 (Desert Gold, 128 GB)","₹7,299",27%,4.1,"28,811","1,359"
"Samsung Galaxy F36 5G (Black, 128 GB)","₹16,999",33%,4.3,"8,359",479
"POCO M6 Plus 5G (Misty Lavender, 128 GB)","₹11,399",36%,4.2,"16,978",992
"POCO M7 5G (Mint Green, 128 GB)","₹9,599",26%,4.1,"67,747","3,149"
"Samsung Galaxy A35 5G (Awesome Lilac, 128 GB)","₹18,499",45%,4.4,"64,204","3,720"
"Samsung Galaxy F36 5G (Red, 128 GB)","₹16,999",33%,4.3,"8,359",479
"MOTOROLA G96 5G (Pantone Cattleya Orchid, 128 GB)","₹18,999",9%,4.4,"76,829","3,849"
"realme C61 (Marble Black, 128 GB)","₹8,199",25%,4.3,"21,766",790
"Samsung Galaxy F36 5G (Violet, 128 GB)","₹16,999",33%,4.3,"8,359",479
"Samsung Galaxy A35 5G (Awesome Navy, 256 GB)","₹20,499",44%,4.4,"64,204","3,720"
"MOTOROLA G96 5G (Pantone Ashleigh Blue, 128 GB)","₹18,999",9%,4.4,"76,829","3,849"
"OnePlus Nord CE5 5G (Nexus Blue, 256 GB)","₹26,884",,4.5,"5,762",316
"vivo T4 5G (Phantom Grey, 128 GB)","₹22,999",11%,4.5,"88,766","4,006"
"MOTOROLA Edge 60 Stylus (PANTONE Gibraltar Sea, 256 GB)","₹19,999",31%,4.3,"13,429",988
"Samsung Galaxy S24 5G Snapdragon (Cobalt Violet, 256 GB)","₹45,999",42%,4.6,"46,887","2,583"
"Google Pixel 10 (Indigo, 256 GB)","₹79,999",,4.5,"1,217",80
"vivo T4x 5G (Glacial Teal, 128 GB)","₹15,499",13%,4.4,"1,94,611","8,617"
"OnePlus Nord CE5 5G (Black Infinity, 256 GB)","₹26,980",,4.5,"5,762",316
"Samsung Galaxy F36 5G (Black, 256 GB)","₹21,499",28%,4.2,"4,179",287
"Samsung Galaxy F36 5G (Black, 128 GB)","₹18,499",31%,4.2,"4,179",287
"OnePlus Nord 5 5G (Marble Sands, 256 GB)","₹34,999",,4.5,"1,820",120
"OnePlus Nord 5 5G (Dry Ice, 256 GB)","₹32,882",6%,4.5,"1,820",120
"MOTOROLA Edge 60 Pro (Pantone Shadow, 512 GB)","₹37,999",11%,4.4,"2,136",155
"Samsung Galaxy F06 5G (Bahama Blue, 128 GB)","₹9,999",41%,4.2,"18,912","1,206"
"Samsung Galaxy S24 5G Snapdragon (Marble Gray, 128 GB)","₹40,999",45%,4.6,"46,887","2,583"
"realme P4x 5G (Matte Silver, 128 GB)","₹15,999",11%,4.4,"2,128",233
"vivo T4 5G (Phantom Grey, 256 GB)","₹24,999",10%,4.5,"88,766","4,006"
"REDMI A4 (Starry Black, 64 GB)","₹8,581",21%,4.3,"12,755",547
"Samsung Galaxy A35 5G (Awesome Lilac, 128 GB)","₹18,499",45%,4.4,"64,204","3,720"
"Samsung Galaxy F36 5G (Red, 128 GB)","₹16,999",33%,4.3,"8,359",479
"OnePlus Nord CE4 lite 5G (MEGA BLUE, 128 GB)","₹17,899",14%,4.4,"35,689","1,664"
"OnePlus Nord CE5 5G (Black Infinity, 256 GB)","₹28,938",,4.4,359,17
"POCO M7 Plus 5G (Aqua Blue, 128 GB)","₹13,999",17%,4.3,"5,040",281
"Samsung Galaxy A35 5G (Awesome Navy, 128 GB)","₹18,499",45%,4.4,"64,204","3,720"
"Samsung Galaxy F36 5G (Violet, 128 GB)","₹16,999",33%,4.3,"8,359",479
"Samsung Galaxy A35 5G (Awesome Navy, 256 GB)","₹20,499",44%,4.4,"64,204","3,720"
"Apple iPhone 14 (Starlight, 128 GB)","₹47,999",12%,4.6,"3,20,995","11,920"
"Samsung Galaxy A55 5G (Awesome Navy, 256 GB)","₹26,933",41%,4.4,"5,718",330
"Samsung Galaxy F36 5G (Black, 128 GB)","₹16,999",33%,4.3,"8,359",479
"Samsung Galaxy S24 5G Snapdragon (Cobalt Violet, 256 GB)","₹45,999",42%,4.6,"46,887","2,583"
"REDMI 13 5G (Black Diamond, 128 GB)","₹12,994",35%,4.2,"14,263",753
"vivo T4 5G (Emerald Blaze, 128 GB)","₹22,999",11%,4.5,"88,766","4,006"
"MOTOROLA G96 5G (Pantone Greener Pastures, 128 GB)","₹18,999",9%,4.4,"76,829","3,849"
"OnePlus Nord 5 5G (Dry Ice, 256 GB)","₹37,477",1%,4.5,"1,264",93
"Google Pixel 10 (Indigo, 256 GB)","₹79,999",,4.5,"1,217",80
"Samsung Galaxy F36 5G (Black, 256 GB)","₹21,499",28%,4.2,"4,179",287
"realme Narzo 80 Lite 5G (Onyx Black, 128 GB)","₹11,490",17%,4.3,606,30
"Ai+ Pulse (Black, 64 GB)","₹5,999",25%,4.3,"38,924","2,401"
"Samsung Galaxy S24 5G Snapdragon (Marble Gray, 128 GB)","₹40,999",45%,4.6,"46,887","2,583"
"realme P4x 5G (Matte Silver, 128 GB)","₹15,999",11%,4.4,"2,128",233
"Samsung Galaxy F06 5G (Bahama Blue, 64 GB)","₹8,499",39%,4.2,"37,263","2,204"
"realme C71 (Obsidian Black, 128 GB)","₹9,699",11%,4.2,"7,553",293
"OPPO K13 5G with 7000mAh and 80W SUPERVOOC Charger In-The-Box (Icy Purple, 128 GB)","₹19,999",13%,4.5,"71,815","4,313"
"vivo T4 Pro 5G (Blaze Gold, 256 GB)","₹29,999",14%,4.5,"11,695",746
"Samsung Galaxy A35 5G (Awesome Lilac, 128 GB)","₹18,499",45%,4.4,"64,204","3,720"
"Samsung Galaxy F36 5G (Red, 128 GB)","₹16,999",33%,4.3,"8,359",479
"Samsung Galaxy A16 5G (Gold, 128 GB)","₹14,509",27%,4.2,"4,094",181
"Google Pixel 9A (Iris, 256 GB)","₹44,999",10%,4.4,"4,514",312
"Samsung Galaxy F36 5G (Violet, 128 GB)","₹16,999",33%,4.3,"8,359",479
"Samsung Galaxy A35 5G (Awesome Navy, 256 GB)","₹20,499",44%,4.4,"64,204","3,720"
"Samsung Galaxy S24 5G Snapdragon (Cobalt Violet, 256 GB)","₹45,999",42%,4.6,"46,887","2,583"
"REDMI 15 5G (Midnight Black, 256 GB)","₹17,453",12%,4.3,"2,367",124
"OnePlus Nord CE4 (Celadon Marble, 128 GB)","₹20,990",16%,4.4,"27,559","1,508"
"POCO M7 Plus 5G (Chrome Silver, 128 GB)","₹14,999",16%,4.3,"3,121",181
"Samsung Galaxy F36 5G (Black, 128 GB)","₹16,999",33%,4.3,"8,359",479
"Google Pixel 10 (Indigo, 256 GB)","₹79,999",,4.5,"1,217",80
"Apple iPhone 14 (Blue, 128 GB)","₹47,999",12%,4.6,"3,20,995","11,920"
"realme P3 Lite 5G Charger in the Box (Midnight Lily, 128 GB)","₹12,999",7%,4.4,"9,547",394
"Samsung Galaxy F36 5G (Black, 256 GB)","₹21,499",28%,4.2,"4,179",287
"Samsung Galaxy F36 5G (Black, 128 GB)","₹18,499",31%,4.2,"4,179",287
"MOTOROLA Edge 60 Fusion 5G (PANTONE Amazonite, 256 GB)","₹24,999",10%,4.4,"44,366","2,316"
"POCO C75 5G (Enchanted Green, 128 GB)","₹8,749",23%,4.2,"1,40,782","6,233"
"POCO M7 5G (Ocean Blue, 128 GB)","₹10,599",24%,4.2,"14,417",698
"IQOO Z10X 5G (Titanium, 128 GB)","₹16,690",12%,4.4,"4,502",218
"Samsung Galaxy S24 5G Snapdragon (Marble Gray, 128 GB)","₹40,999",45%,4.6,"46,887","2,583"
"realme P4x 5G (Matte Silver, 128 GB)","₹15,999",11%,4.4,"2,128",233
"vivo T4 Pro 5G (Blaze Gold, 256 GB)","₹31,999",13%,4.5,"2,898",208
"OnePlus 13s 5G (Black Velvet, 256 GB)","₹52,986",8%,4.5,"1,240",95
"Samsung Galaxy A35 5G (Awesome Lilac, 128 GB)","₹18,499",45%,4.4,"64,204","3,720"
"Samsung Galaxy F36 5G (Red, 128 GB)","₹16,999",33%,4.3,"8,359",479
"IQOO Z10X 5G (Ultramarine, 128 GB)","₹16,649",12%,4.4,"4,502",218
"Tecno Pova 7 5G (Oasis Green, 256 GB)","₹15,999",20%,4.4,"8,178",617
"MOTOROLA Edge 60 Pro (Pantone Sparkling Grape, 512 GB)","₹37,999",11%,4.4,"2,136",155
"Tecno Pova 7 5G (Magic Silver, 128 GB)","₹14,249",25%,4.4,"8,178",617
"Samsung Galaxy F36 5G (Violet, 128 GB)","₹16,999",33%,4.3,"8,359",479
"Samsung Galaxy A35 5G (Awesome Navy, 256 GB)","₹20,499",44%,4.4,"64,204","3,720"
"realme P4x 5G (Elegant Pink, 128 GB)","₹15,999",11%,4.4,"2,128",233
"Samsung Galaxy S24 5G Snapdragon (Amber Yellow, 128 GB)","₹40,999",45%,4.6,"46,887","2,583"
"Samsung Galaxy F36 5G (Black, 128 GB)","₹16,999",33%,4.3,"8,359",479
"Samsung Galaxy S24 5G Snapdragon (Cobalt Violet, 256 GB)","₹45,999",42%,4.6,"46,887","2,583"
"realme C71 (Obsidian Black, 64 GB)","₹7,797",13%,4.3,517,18
"POCO M7 Plus 5G (Carbon Black, 128 GB)","₹14,999",16%,4.3,"3,121",181
"Samsung Galaxy S24 5G Snapdragon (Cobalt Violet, 128 GB)","₹40,999",45%,4.6,"46,887","2,583"
"Google Pixel 9A (Obsidian, 256 GB)","₹44,999",10%,4.4,"4,514",312
"Samsung Galaxy S24 5G Snapdragon (Marble Gray, 128 GB)","₹40,999",45%,4.6,"46,887","2,583"
"realme P4x 5G (Matte Silver, 128 GB)","₹15,999",11%,4.4,"2,128",233
"IQOO Z10X 5G (Ultramarine, 256 GB)","₹18,149",11%,4.4,"4,502",218
"Motorola g45 5G (Brilliant Blue, 128 GB)","₹11,999",20%,4.3,"2,48,688","12,311"
"Samsung Galaxy A35 5G (Awesome Lilac, 128 GB)","₹18,499",45%,4.4,"64,204","3,720"
"Samsung Galaxy F36 5G (Red, 128 GB)","₹16,999",33%,4.3,"8,359",479
"realme Narzo 80 Lite 4G (Beach Gold, 128 GB)","₹8,650",21%,4.3,"1,077",57
"Nothing Phone (3a) Pro (Grey, 128 GB)","₹28,999",12%,4.5,"12,052",912
"Samsung Galaxy F36 5G (Black, 256 GB)","₹21,499",28%,4.2,"4,179",287
"Samsung Galaxy A55 5G (Awesome Navy, 128 GB)","₹24,278",43%,4.4,"5,718",330
"Samsung Galaxy F36 5G (Violet, 128 GB)","₹16,999",33%,4.3,"8,359",479
"Samsung Galaxy A35 5G (Awesome Navy, 256 GB)","₹20,499",44%,4.4,"64,204","3,720"
"OnePlus Nord CE4 (Dark Chrome, 128 GB)","₹20,649",17%,4.4,"27,559","1,508"
"realme P4x 5G (Elegant Pink, 128 GB)","₹17,499",7%,4.4,630,101
"Samsung Galaxy F36 5G (Black, 128 GB)","₹16,999",33%,4.3,"8,359",479
"Samsung Galaxy S24 5G Snapdragon (Cobalt Violet, 256 GB)","₹45,999",42%,4.6,"46,887","2,583"
"realme P4x 5G (Lake Green, 128 GB)","₹17,499",7%,4.4,630,101
"Nothing Phone (3a) Pro (Grey, 256 GB)","₹30,999",11%,4.5,"12,052",912
"IQOO Z10 Lite 5G (Titanium Blue, 256 GB)","₹15,180",10%,4.3,"1,923",88
"REDMI A4 (Sparkle Purple, 64 GB)","₹8,599",21%,4.3,"12,755",547
"Google Pixel 10 (Indigo, 256 GB)","₹79,999",,4.5,"1,217",80
"Samsung Galaxy F36 5G (Black, 128 GB)","₹18,499",31%,4.2,"4,179",287
"IQOO Z10X 5G (Ultramarine, 128 GB)","₹15,162",13%,4.4,"7,907",408
"realme P4x 5G (Lake Green, 256 GB)","₹19,499",7%,4.4,630,101
"Samsung Galaxy S24 5G Snapdragon (Marble Gray, 128 GB)","₹40,999",45%,4.6,"46,887","2,583"
"realme P4x 5G (Matte Silver, 128 GB)","₹15,999",11%,4.4,"2,128",233
"Samsung Galaxy A55 5G (Awesome Iceblue, 128 GB)","₹25,967",39%,4.4,"5,718",330
"Ai+ Pulse (Black, 128 GB)","₹6,999",30%,4,"4,404",273
"realme P4x 5G (Matte Silver, 128 GB)","₹17,499",7%,4.4,630,101
"OPPO K13 5G with 7000mAh and 80W SUPERVOOC Charger In-The-Box (Prism Black, 256 GB)","₹21,999",12%,4.5,"71,815","4,313"
"Samsung Galaxy A35 5G (Awesome Lilac, 128 GB)","₹18,499",45%,4.4,"64,204","3,720"
"Samsung Galaxy F36 5G (Red, 128 GB)","₹16,999",33%,4.3,"8,359",479
"POCO C85 5G (Power Black, 128 GB)","₹11,999",17%,4.4,38,2
"REDMI 13 5G (Hawaiian Blue, 128 GB)","₹13,048",34%,4.2,"14,263",753
"Samsung Galaxy F36 5G (Violet, 128 GB)","₹16,999",33%,4.3,"8,359",479
"Samsung Galaxy A35 5G (Awesome Navy, 256 GB)","₹20,499",44%,4.4,"64,204","3,720"
"REDMI A4 (Sparkle Purple, 128 GB)","₹9,960",23%,4.2,"1,335",46
"REDMI 15 5G (Sandy Purple, 256 GB)","₹17,990",10%,4.3,"2,367",124
"vivo T4 Pro 5G (Nitro Blue, 256 GB)","₹29,999",14%,4.5,"11,695",746
"vivo T4 Pro 5G (Nitro Blue, 128 GB)","₹27,999",15%,4.5,"11,695",746
"Samsung Galaxy F36 5G (Black, 128 GB)","₹16,999",33%,4.3,"8,359",479
"Samsung Galaxy S24 5G Snapdragon (Cobalt Violet, 256 GB)","₹45,999",42%,4.6,"46,887","2,583"
"POCO C71 (Power Black, 64 GB)","₹8,999",,3.9,"53,179","2,405"
"Samsung Galaxy F06 5G (Lit Violet, 64 GB)","₹8,499",32%,4.2,"37,263","2,204"
"Google Pixel 10 (Indigo, 256 GB)","₹79,999",,4.5,"1,217",80
"Samsung Galaxy F36 5G (Black, 256 GB)","₹21,499",28%,4.2,"4,179",287
"Samsung Galaxy F06 5G (Bahama Blue, 128 GB)","₹8,999",35%,4.2,"37,263","2,204"
"realme Narzo 80 Lite 4G (Obsidian Black, 128 GB)","₹8,499",22%,4.3,"1,077",57
"MOTOROLA g06 power (Pantone Tendril, 64 GB)","₹7,999",20%,4.3,"2,877",208
"realme Narzo 80 Lite 4G (Beach Gold, 64 GB)","₹7,278",19%,4.3,"1,643",66
"Samsung Galaxy S24 5G Snapdragon (Marble Gray, 128 GB)","₹40,999",45%,4.6,"46,887","2,583"
"realme P4x 5G (Matte Silver, 128 GB)","₹15,999",11%,4.4,"2,128",233
"Google Pixel 10 (Obsidian, 256 GB)","₹79,999",,4.5,"1,217",80
"vivo Y19e (Titanium Silver, 64 GB)","₹8,989",25%,4.3,"3,222",104
"Samsung Galaxy A35 5G (Awesome Lilac, 128 GB)","₹18,499",45%,4.4,"64,204","3,720"
"Samsung Galaxy F36 5G (Red, 128 GB)","₹16,999",33%,4.3,"8,359",479
"IQOO Z10 Lite 5G (Titanium Blue, 128 GB)","₹13,188",12%,4.3,"2,681",102
"REDMI 15 5G (Sandy Purple, 128 GB)","₹15,942",6%,4.3,"1,067",68
"IQOO Neo 10 (Inferno Red, 128 GB)","₹36,495",1%,4.5,"1,200",91
"POCO X7 Pro 5G (Nebula Green, 256 GB)","₹23,999",29%,4.4,"7,806",778
"Samsung Galaxy F36 5G (Violet, 128 GB)","₹16,999",33%,4.3,"8,359",479
"Samsung Galaxy A35 5G (Awesome Navy, 256 GB)","₹20,499",44%,4.4,"64,204","3,720"
"Nothing Phone (3a) Pro (Grey, 256 GB)","₹32,999",10%,4.4,"7,103",431
"IQOO Neo 10 (Titanium Chrome, 256 GB)","₹38,979",4%,4.5,862,66
"Samsung Galaxy F36 5G (Black, 128 GB)","₹16,999",33%,4.3,"8,359",479
"Samsung Galaxy S24 5G Snapdragon (Cobalt Violet, 256 GB)","₹45,999",42%,4.6,"46,887","2,583"
"realme 14x 5G (Jewel Red, 128 GB)","₹14,499",14%,4.3,"13,686",669
"IQOO Z10 Lite 5G (Titanium Blue, 128 GB)","₹12,090",13%,4.2,"1,926",79
"realme P4 5G (Forge Red, 128 GB)","₹17,999",14%,4.4,"17,272","1,105"
"IQOO Neo 10 (Inferno Red, 256 GB)","₹37,999",2%,4.5,"1,200",91
"Google Pixel 10 (Indigo, 256 GB)","₹79,999",,4.5,"1,217",80
"Samsung Galaxy F36 5G (Black, 256 GB)","₹21,499",28%,4.2,"4,179",287
"REDMI 15 5G (Midnight Black, 128 GB)","₹15,849",11%,4.3,"2,367",124
"Samsung Galaxy A55 5G (Awesome Iceblue, 256 GB)","₹32,611",33%,4.3,659,49
"Samsung Galaxy S24 5G Snapdragon (Marble Gray, 128 GB)","₹40,999",45%,4.6,"46,887","2,583"
"realme P4x 5G (Matte Silver, 128 GB)","₹15,999",11%,4.4,"2,128",233
"realme P3 Lite 5G Charger in the Box (Midnight Lily, 128 GB)","₹11,999",7%,4.4,"6,106",256
"Infinix Note 50x 5G+ 45W Charger In the Box & AI (Sea Breeze Green, 128 GB)","₹13,999",17%,4.3,"4,673",390
"realme 14x 5G (Crystal Black, 128 GB)","₹14,779",17%,4.4,"8,182",415
"realme 14x 5G (Golden Glow, 128 GB)","₹14,304",20%,4.4,"8,182",415
"Samsung Galaxy A35 5G (Awesome Lilac, 128 GB)","₹18,499",45%,4.4,"64,204","3,720"
"Samsung Galaxy F36 5G (Red, 128 GB)","₹16,999",33%,4.3,"8,359",479
"realme P4 5G (Steel Grey, 128 GB)","₹17,999",14%,4.4,"17,272","1,105"
"realme C85 5G (Peacock Green, 128.0 GB)","₹16,999",5%,4.6,104,6
"Samsung Galaxy F36 5G (Violet, 128 GB)","₹16,999",33%,4.3,"8,359",479
"Samsung Galaxy A35 5G (Awesome Navy, 256 GB)","₹20,499",44%,4.4,"64,204","3,720"
"IQOO Z10X 5G (Titanium, 256 GB)","₹18,290",10%,4.4,"4,502",218
"realme P3x 5G (Midnight Blue, 128 GB)","₹13,999",22%,4.4,"22,475",922
"realme P4 5G (Engine Blue, 128 GB)","₹17,999",14%,4.4,"17,272","1,105"
"POCO F6 5G (Titanium, 256 GB)","₹22,999",32%,4.3,"14,343","1,262"
"Samsung Galaxy F36 5G (Black, 128 GB)","₹16,999",33%,4.3,"8,359",479
"Samsung Galaxy S24 5G Snapdragon (Cobalt Violet, 256 GB)","₹45,999",42%,4.6,"46,887","2,583"
"POCO X7 5G (Glacier Green, 256 GB)","₹18,999",32%,4.3,"27,652","2,094"
"realme C85 5G (Peacock Green, 128.0 GB)","₹15,499",6%,4.6,154,9
"Google Pixel 10 (Indigo, 256 GB)","₹79,999",,4.5,"1,217",80
"Samsung Galaxy F36 5G (Black, 256 GB)","₹21,499",28%,4.2,"4,179",287
"realme 15x 5G (Maroon Red, 128 GB)","₹17,999",5%,4.4,"3,483",229
"realme Narzo 80x 5G (Sunlit Gold, 128 GB)","₹12,937",19%,4.2,"1,631",57
"REDMI 14C 5G (Stargaze Black, 128 GB)","₹10,184",27%,4.2,"8,463",427
"REDMI A4 (Sparkle Purple, 128 GB)","₹9,027",24%,4.3,"12,755",547
"Samsung Galaxy S24 5G Snapdragon (Marble Gray, 128 GB)","₹40,999",45%,4.6,"46,887","2,583"
"realme P4x 5G (Matte Silver, 128 GB)","₹15,999",11%,4.4,"2,128",233
"LAVA Storm Play 5G (Frosty Blue, 128 GB)","₹11,259",16%,4.2,139,9
"IQOO Z10R 5G (Aquamarine, 256 GB)","₹24,968",,4.4,"2,992",161
"Samsung Galaxy A35 5G (Awesome Lilac, 128 GB)","₹18,499",45%,4.4,"64,204","3,720"
"Samsung Galaxy F36 5G (Red, 128 GB)","₹16,999",33%,4.3,"8,359",479
"IQOO Z10R 5G (Aquamarine, 128 GB)","₹19,499",17%,4.4,"2,992",161
"IQOO Neo 10R 5G (Raging Blue, 128 GB)","₹26,885",15%,4.5,"5,250",340
"realme P3x 5G (Stellar Pink, 128 GB)","₹13,999",22%,4.4,"22,475",922
"realme P3x 5G (Midnight Blue, 128 GB)","₹12,999",23%,4.4,"67,966","2,568"
"Samsung Galaxy F36 5G (Violet, 128 GB)","₹16,999",33%,4.3,"8,359",479
"Samsung Galaxy A35 5G (Awesome Navy, 256 GB)","₹20,499",44%,4.4,"64,204","3,720"
"IQOO Z10R 5G (Moonstone, 128 GB)","₹20,299",13%,4.4,"2,992",161
"IQOO Neo 10R 5G (Raging Blue, 256 GB)","₹31,470",12%,4.5,"2,711",173
"Samsung Galaxy F36 5G (Black, 128 GB)","₹16,999",33%,4.3,"8,359",479
"Samsung Galaxy S24 5G Snapdragon (Cobalt Violet, 256 GB)","₹45,999",42%,4.6,"46,887","2,583"
"realme 14 Pro+ 5G (Suede Grey, 256 GB)","₹25,999",27%,4.4,"16,802","1,969"
"IQOO Neo 10R 5G (MoonKnight Titanium, 128 GB)","₹27,440",14%,4.5,"5,250",340
"Infinix Note 50x 5G+ 45W Charger In the Box & AI (Titanium Grey, 128 GB)","₹12,499",16%,4.3,"15,826","1,419"
"POCO F7 5G (Frost White, 256 GB)","₹31,999",11%,4.4,"18,356","1,807"
"Samsung Galaxy S24 5G Snapdragon (Marble Gray, 128 GB)","₹40,999",45%,4.6,"46,887","2,583"
"realme P4x 5G (Matte Silver, 128 GB)","₹15,999",11%,4.4,"2,128",233
"realme 14 Pro+ 5G (Pearl White, 256 GB)","₹34,999",7%,4.4,"8,538",931
"Infinix Note 50x 5G+ 45W Charger In the Box & AI (Enchanted Purple, 128 GB)","₹13,999",17%,4.3,"4,673",390
"Samsung Galaxy A35 5G (Awesome Lilac, 128 GB)","₹18,499",45%,4.4,"64,204","3,720"
"Samsung Galaxy F36 5G (Red, 128 GB)","₹16,999",33%,4.3,"8,359",479
"realme C71 (Sea Blue, 128 GB)","₹9,699",11%,4.2,"7,553",293
"REDMI 14C 5G (Stardust Purple, 128 GB)","₹10,215",27%,4.2,"8,463",427
"Samsung Galaxy M06 5G (Sage Green, 64 GB)","₹8,980",28%,4,145,8
"realme 14 Pro+ 5G (Bikaner Purple, 128 GB)","₹29,999",11%,4.4,"16,802","1,969"
"Samsung Galaxy F36 5G (Violet, 128 GB)","₹16,999",33%,4.3,"8,359",479
"Samsung Galaxy A35 5G (Awesome Navy, 256 GB)","₹20,499",44%,4.4,"64,204","3,720"
"Infinix Note 50x 5G+ 45W Charger In the Box & AI (Sea Breeze Green, 128 GB)","₹12,499",16%,4.3,"15,826","1,419"
"IQOO Z10R 5G (Moonstone, 256 GB)","₹23,895",4%,4.4,"2,992",161
"Samsung Galaxy F36 5G (Black, 128 GB)","₹16,999",33%,4.3,"8,359",479
"Samsung Galaxy S24 5G Snapdragon (Cobalt Violet, 256 GB)","₹45,999",42%,4.6,"46,887","2,583"
"Ai+ Nova 5G (Pink, 128 GB)","₹8,999",18%,4.1,"18,887","1,268"
"Samsung Galaxy S24 5G Snapdragon (Onyx Black, 128 GB)","₹40,999",45%,4.6,"46,887","2,583"
"realme 14 Pro+ 5G (Pearl White, 128 GB)","₹29,999",11%,4.4,"16,802","1,969"
"MOTOROLA Edge 60 Pro (Pantone Shadow, 256 GB)","₹33,999",17%,4.3,"12,995","1,075"
"Google Pixel 10 (Indigo, 256 GB)","₹79,999",,4.5,"1,217",80
"Samsung Galaxy F36 5G (Black, 256 GB)","₹21,499",28%,4.2,"4,179",287
"realme P3 Ultra 5G (Orion Red, 256 GB)","₹23,999",33%,4.5,"3,531",333
"MOTOROLA G96 5G (Pantone Dresden Blue, 128 GB)","₹18,999",9%,4.4,"76,829","3,849"
"Samsung Galaxy S24 5G Snapdragon (Marble Gray, 128 GB)","₹40,999",45%,4.6,"46,887","2,583"
"realme P4x 5G (Matte Silver, 128 GB)","₹15,999",11%,4.4,"2,128",233
"Samsung Galaxy Z Fold6 5G (Silver Shadow, 256 GB)","₹1,06,990",35%,4.2,206,13
"Samsung Galaxy M17 5G (Moonlight Silver, 128 GB)","₹13,480",18%,4.3,63,7
"realme 15x 5G (Marine Blue, 128 GB)","₹19,499",2%,4.3,"2,768",195
"Samsung Galaxy A16 5G (Light Green, 128 GB)","₹14,960",25%,4.2,"4,094",181
"Samsung Galaxy A35 5G (Awesome Lilac, 128 GB)","₹18,499",45%,4.4,"64,204","3,720"
"Samsung Galaxy F36 5G (Red, 128 GB)","₹16,999",33%,4.3,"8,359",479
"OPPO A3x (Nebula Red, 128 GB)","₹9,889",29%,4.1,"1,717",86
"realme P4 5G (Steel Grey, 128 GB)","₹18,999",13%,4.4,"12,180",848
"Samsung Galaxy F36 5G (Violet, 128 GB)","₹16,999",33%,4.3,"8,359",479
"Samsung Galaxy A35 5G (Awesome Navy, 256 GB)","₹20,499",44%,4.4,"64,204","3,720"
"realme 15x 5G (Marine Blue, 256 GB)","₹20,999",4%,4.3,"2,768",195
"Samsung Galaxy S25 5G (Silver Shadow, 256 GB)","₹74,999",7%,4.6,"2,762",311
"REDMI 15 5G (Frosted White, 128 GB)","₹15,879",11%,4.3,"2,367",124
"IQOO Neo 10R 5G (Raging Blue, 256 GB)","₹29,299",13%,4.5,"5,250",340
"Samsung Galaxy F36 5G (Black, 128 GB)","₹16,999",33%,4.3,"8,359",479
"Samsung Galaxy S24 5G Snapdragon (Cobalt Violet, 256 GB)","₹45,999",42%,4.6,"46,887","2,583"
"Samsung Galaxy S25 Ultra 5G (Titanium Black, 256 GB)","₹1,08,999",16%,4.6,"2,499",255
"Samsung Galaxy F06 5G (Lit Violet, 128 GB)","₹9,999",41%,4.2,"18,912","1,206"
"Google Pixel 10 (Indigo, 256 GB)","₹79,999",,4.5,"1,217",80
"Samsung Galaxy F36 5G (Black, 256 GB)","₹21,499",28%,4.2,"4,179",287
"IQOO Z10 5G (Glacier Silver / Silver, 128 GB)","₹21,739",16%,4.4,"4,676",224
"REDMI 15 5G (Frosted White, 256 GB)","₹17,490",12%,4.3,"2,367",124
"realme 14 Pro+ 5G (Emerald Drift, 256 GB)","₹23,999",33%,4.4,"16,802","1,969"
"realme 14 Pro+ 5G (Pearl White, 256 GB)","₹25,999",27%,4.4,"16,802","1,969"
"Samsung Galaxy S24 5G Snapdragon (Marble Gray, 128 GB)","₹40,999",45%,4.6,"46,887","2,583"
"realme P4x 5G (Matte Silver, 128 GB)","₹15,999",11%,4.4,"2,128",233
"Samsung M06 5G (Blazing Black, 128 GB)","₹11,590",25%,4,643,47
"Apple iPhone 14 (Midnight, 128 GB)","₹47,999",12%,4.6,"3,20,995","11,920"
"Samsung Galaxy A35 5G (Awesome Lilac, 128 GB)","₹18,499",45%,4.4,"64,204","3,720"
"Samsung Galaxy F36 5G (Red, 128 GB)","₹16,999",33%,4.3,"8,359",479
"Tecno Spark Go 5G (Bikaner Red, 128 GB)","₹10,999",8%,4.3,"1,274",113
"realme 15T 5G (Silk Blue, 128 GB)","₹22,999",,4.3,"5,144",344
"realme C85 5G (Parrot Purple, 128.0 GB)","₹16,999",5%,4.6,104,6
"Ai+ Nova 5G (Black, 128 GB)","₹8,999",18%,4.1,"18,887","1,268"
"Samsung Galaxy F36 5G (Violet, 128 GB)","₹16,999",33%,4.3,"8,359",479
"Samsung Galaxy A35 5G (Awesome Navy, 256 GB)","₹20,499",44%,4.4,"64,204","3,720"
"REDMI Note 14 5G (Mystique White, 128 GB)","₹15,315",33%,4.2,"3,556",200
"realme P3x 5G (Stellar Pink, 128 GB)","₹12,999",23%,4.4,"67,966","2,568"
"Samsung Galaxy F36 5G (Black, 128 GB)","₹16,999",33%,4.3,"8,359",479
"Samsung Galaxy S24 5G Snapdragon (Cobalt Violet, 256 GB)","₹45,999",42%,4.6,"46,887","2,583"
"realme P3x 5G (Lunar Silver, 128 GB)","₹12,999",23%,4.4,"67,966","2,568"
"realme P3 Ultra 5G (Glowing Lunar White, 256 GB)","₹23,999",33%,4.5,"3,531",333
"Samsung M06 5G (Sage Green, 128 GB)","₹11,438",18%,4,643,47
"POCO C75 5G (Silver Stardust, 128 GB)","₹8,749",23%,4.2,"1,40,782","6,233"
"Google Pixel 10 (Indigo, 256 GB)","₹79,999",,4.5,"1,227",80
"Samsung Galaxy F36 5G (Black, 256 GB)","₹21,499",28%,4.2,"4,179",287
"realme P3 Ultra 5G (Neptune Blue, 128 GB)","₹21,999",31%,4.4,"17,922","1,754"
"Tecno Pova 7 5G (Magic Silver, 256 GB)","₹15,999",20%,4.4,"8,178",617
"Samsung Galaxy S24 5G Snapdragon (Marble Gray, 128 GB)","₹40,999",45%,4.6,"46,887","2,583"
"realme P4x 5G (Matte Silver, 128 GB)","₹15,999",11%,4.4,"2,128",233
"realme 14 Pro+ 5G (Suede Grey, 256 GB)","₹34,999",7%,4.4,"8,538",931
"IQOO Neo 10 (Inferno Red, 256 GB)","₹39,895",2%,4.5,862,66
"POCO F6 5G (Deadpool, 256 GB)","₹22,999",39%,4.3,"8,979",846
"Samsung M36 5G (Light Green, 128 GB)","₹15,103",34%,4.3,"1,463",77
"Samsung Galaxy A35 5G (Awesome Lilac, 128 GB)","₹18,499",45%,4.4,"64,204","3,720"
"Samsung Galaxy F36 5G (Red, 128 GB)","₹16,999",33%,4.3,"8,359",479
"POCO F6 5G (Titanium, 256 GB)","₹21,999",38%,4.3,"8,979",846
"OPPO F29 Pro 5G (Granite Black, 128 GB)","₹21,999",33%,4.4,"1,788",126
"Samsung Galaxy F36 5G (Violet, 128 GB)","₹16,999",33%,4.3,"8,359",479
"Samsung Galaxy A35 5G (Awesome Navy, 256 GB)","₹20,499",44%,4.4,"64,204","3,720"
"Apple iPhone 16 (White, 128 GB)","₹69,900",,4.6,"1,94,818","6,209"
"Samsung M06 5G (Sage Green, 128 GB)","₹10,490",10%,4.1,923,58
"OPPO F29 Pro 5G (Marble White, 256 GB)","₹25,999",25%,4.4,"1,788",126
"MOTOROLA Edge 60 Pro (Pantone Dazzling Blue, 256 GB)","₹29,999",18%,4.3,"42,114","3,151"
"Samsung Galaxy F36 5G (Black, 128 GB)","₹16,999",33%,4.3,"8,359",479
"Samsung Galaxy S24 5G Snapdragon (Cobalt Violet, 256 GB)","₹45,999",42%,4.6,"46,887","2,583"
"LAVA Shark (Titanium Gold, 64 GB)","₹7,099",8%,4.1,174,8
"Samsung M36 5G (Serene Green / Light Green, 128 GB)","₹16,680",31%,4,282,13
"Google Pixel 10 (Indigo, 256 GB)","₹79,999",,4.5,"1,217",80
"Samsung Galaxy F36 5G (Black, 256 GB)","₹21,499",28%,4.2,"4,179",287
"realme P4 Pro 5G (Midnight Ivy, 256 GB)","₹24,999",19%,4.4,"15,778","1,286"
"IQOO Z10 5G (Stellar Black / Black, 256 GB)","₹24,998",10%,4.4,"4,676",224
"realme P4 Pro 5G (Birch Wood, 256 GB)","₹24,999",19%,4.4,"15,778","1,286"
"Tecno Pop 9 5G (Azure Sky, 128 GB)","₹9,529",36%,4.2,"1,618",80
"Samsung Galaxy S24 5G Snapdragon (Marble Gray, 128 GB)","₹40,999",45%,4.6,"46,887","2,583"
"realme P4x 5G (Matte Silver, 128 GB)","₹15,999",11%,4.4,"2,128",233
"vivo T4 Ultra 5G (Phoenix Gold, 512 GB)","₹39,999",11%,4.5,"3,257",306
"vivo T4 Ultra 5G (Phoenix Gold, 256 GB)","₹37,999",11%,4.5,"3,257",306
"Samsung Galaxy A35 5G (Awesome Lilac, 128 GB)","₹18,499",45%,4.4,"64,204","3,720"
"Samsung Galaxy F36 5G (Red, 128 GB)","₹16,999",33%,4.3,"8,359",479
"vivo T4 Ultra 5G (Phoenix Gold, 256 GB)","₹35,999",12%,4.5,"4,472",418
"Samsung Galaxy F36 5G (Violet, 128 GB)","₹16,999",33%,4.3,"8,359",479
"REDMI 15 5G (Frosted White, 128 GB)","₹15,898",6%,4.3,"1,067",68
"realme NARZO 80 Pro 5G (Speed Silver, 128 GB)","₹18,128",24%,4.5,799,41
"Samsung Galaxy A35 5G (Awesome Navy, 256 GB)","₹20,499",44%,4.4,"64,204","3,720"
"Samsung Galaxy F36 5G (Black, 128 GB)","₹16,999",33%,4.3,"8,359",479
"IQOO Neo 10 (Inferno Red, 512 GB)","₹44,900",2%,4.6,156,10
"realme 15T 5G (Suit Titanium, 128 GB)","₹22,999",,4.3,"5,144",344
"Samsung Galaxy S24 5G Snapdragon (Cobalt Violet, 256 GB)","₹45,999",42%,4.6,"46,887","2,583"
"Google Pixel 10 (Indigo, 256 GB)","₹79,999",,4.5,"1,217",80
"realme 15 Pro 5G (Silk Purple, 256 GB)","₹37,999",5%,4.4,"4,519",362
"Ai+ Nova 5G (Black, 128 GB)","₹9,999",23%,3.9,"3,144",286
"POCO F7 5G (Phantom Black, 256 GB)","₹31,999",11%,4.4,"18,356","1,807"
"Tecno Pova Slim 5G (Cool Black, 128 GB)","₹20,999",16%,4.3,730,61
"Samsung Galaxy S24 5G Snapdragon (Marble Gray, 128 GB)","₹40,999",45%,4.6,"46,887","2,583"
"realme P4x 5G (Matte Silver, 128 GB)","₹15,999",11%,4.4,"2,128",233
"realme P3 Ultra 5G (Orion Red, 256 GB)","₹22,999",32%,4.4,"17,922","1,754"
"Samsung Galaxy A06 5G (Light Gray, 64 GB)","₹9,490",24%,4.1,"2,370",142
"Samsung Galaxy A35 5G (Awesome Lilac, 128 GB)","₹18,499",45%,4.4,"64,204","3,720"
"Samsung Galaxy F36 5G (Red, 128 GB)","₹16,999",33%,4.3,"8,359",479
"OPPO Reno14 5G (Pearl White, 512 GB)","₹47,999",,4.5,"3,700",336
"vivo T4 Ultra 5G (Meteor Grey, 256 GB)","₹35,999",12%,4.5,"4,472",418
"realme 15T 5G (Silk Blue, 256 GB)","₹24,999",,4.3,"5,144",344
"Alcatel V3 Classic 5G (Halo White, 128 GB)","₹9,999",50%,4.7,"1,313",887
"Samsung Galaxy F36 5G (Violet, 128 GB)","₹16,999",33%,4.3,"8,359",479
"Samsung Galaxy A35 5G (Awesome Navy, 256 GB)","₹20,499",44%,4.4,"64,204","3,720"
"POCO M7 Plus 5G (Chrome Silver, 128 GB)","₹12,999",18%,4.1,"1,162",76
"vivo V60e (Noble Gold, 256 GB)","₹31,999",13%,4.4,"1,765",111
"Samsung Galaxy F36 5G (Black, 128 GB)","₹16,999",33%,4.3,"8,359",479
"Samsung Galaxy S24 5G Snapdragon (Cobalt Violet, 256 GB)","₹45,999",42%,4.6,"46,887","2,583"
"vivo T4 Ultra 5G (Meteor Grey, 256 GB)","₹37,999",11%,4.5,"3,257",306
"Ai+ Pulse (Sparkle Red, 64 GB)","₹5,999",25%,4.3,"38,924","2,401"
"realme P3 Ultra 5G (Neptune Blue, 256 GB)","₹22,999",32%,4.4,"17,922","1,754"
"realme P3 Ultra 5G (Glowing Lunar White, 128 GB)","₹21,999",31%,4.4,"17,922","1,754"
"Google Pixel 10 (Indigo, 256 GB)","₹79,999",,4.5,"1,217",80
"Samsung Galaxy F36 5G (Black, 256 GB)","₹21,499",28%,4.2,"4,179",287
"realme P3 Ultra 5G (Orion Red, 128 GB)","₹21,999",31%,4.4,"17,922","1,754"
"realme P3 Ultra 5G (Neptune Blue, 256 GB)","₹23,999",33%,4.5,"3,531",333
"Samsung Galaxy S25 Plus 5G (Silver Shadow, 256 GB)","₹74,999",25%,4.7,213,32
"OPPO A6x 5G (Olive Green, 128 GB)","₹14,999",14%,4.1,12,0
"Samsung Galaxy S24 5G Snapdragon (Marble Gray, 128 GB)","₹40,999",45%,4.6,"46,887","2,583"
"realme P4x 5G (Matte Silver, 128 GB)","₹15,999",11%,4.4,"2,128",233
"Ai+ Nova 5G (Green, 128 GB)","₹9,999",23%,3.9,"3,144",286
"realme GT 7T (IceSense Blue, 256 GB)","₹37,999",11%,4.5,303,28
"OPPO F31 5G (Midnight Blue, 256 GB)","₹26,999",10%,4.3,"1,263",68
"Samsung Galaxy M56 5G (Black, 128 GB)","₹21,499",30%,4.3,696,47
"Samsung Galaxy A35 5G (Awesome Lilac, 128 GB)","₹18,499",45%,4.4,"64,204","3,720"
"Samsung Galaxy F36 5G (Red, 128 GB)","₹16,999",33%,4.3,"8,359",479
"REDMI A3X (Olive Green, 64 GB)","₹6,979",33%,4.1,"10,121",427
"Samsung Galaxy A36 5G (Awesome Lavender, 256 GB)","₹34,499",24%,4.4,259,18
"Samsung Galaxy F36 5G (Violet, 128 GB)","₹16,999",33%,4.3,"8,359",479
"Samsung Galaxy A35 5G (Awesome Navy, 256 GB)","₹20,499",44%,4.4,"64,204","3,720"
"REDMI A3X (Starry White, 64 GB)","₹7,199",28%,4,"13,157",575
"OPPO A6x 5G (Ice Blue, 128 GB)","₹13,499",15%,4.8,13,0
"Samsung Galaxy A17 5G (Black, 128 GB)","₹17,995",23%,4.3,273,11
"OPPO F31 5G (Bloom Red, 256 GB)","₹26,999",10%,4.3,"1,263",68
"Samsung Galaxy F36 5G (Black, 128 GB)","₹16,999",33%,4.3,"8,359",479
"Samsung Galaxy S24 5G Snapdragon (Cobalt Violet, 256 GB)","₹45,999",42%,4.6,"46,887","2,583"
"Ai+ Nova 5G (Sparkle Red, 128 GB)","₹9,999",23%,3.9,"3,144",286
"OPPO A6x 5G (Ice Blue, 64 GB)","₹12,499",13%,4.8,13,0
"Google Pixel 10 (Indigo, 256 GB)","₹79,999",,4.5,"1,217",80
"Samsung Galaxy F36 5G (Black, 256 GB)","₹21,499",28%,4.2,"4,179",287
"OPPO A3x (Nebula Red, 64 GB)","₹8,999",30%,4.1,"1,717",86
"Tecno Pova Slim 5G (Sky Blue, 128 GB)","₹20,999",16%,4.3,730,61
"Samsung Galaxy S24 5G Snapdragon (Marble Gray, 128 GB)","₹40,999",45%,4.6,"46,887","2,583"
"realme P4x 5G (Matte Silver, 128 GB)","₹15,999",11%,4.4,"2,128",233
"OPPO A5x 5G (Midnight Blue, 64 GB)","₹11,499",23%,4.3,441,12
"Tecno Pova Slim 5G (Slim White, 128 GB)","₹20,999",16%,4.3,730,61
"Samsung Galaxy A35 5G (Awesome Lilac, 128 GB)","₹18,499",45%,4.4,"64,204","3,720"
"Samsung Galaxy F36 5G (Red, 128 GB)","₹16,999",33%,4.3,"8,359",479
"realme 15T 5G (Flowing Silver, 256 GB)","₹26,999",3%,4.2,621,56
"realme 15 5G (Flowing Silver, 256 GB)","₹29,999",14%,4.4,485,51
"OPPO K13 Turbo 5G (Midnight Maverick, 128 GB)","₹27,999",17%,4.5,"7,746",469
"OPPO F29 Pro 5G (Marble White, 128 GB)","₹20,999",36%,4.4,"1,788",126
"Samsung Galaxy F36 5G (Violet, 128 GB)","₹16,999",33%,4.3,"8,359",479
"Samsung Galaxy A35 5G (Awesome Navy, 256 GB)","₹20,499",44%,4.4,"64,204","3,720"
"REDMI 14C 5G (Starlight Blue, 128 GB)","₹11,353",24%,4.2,"8,833",442
"Infinix GT 30 Pro 5G+ (Dark Flare, 256 GB)","₹24,999",21%,4.4,"2,023",140
"Samsung Galaxy F36 5G (Black, 128 GB)","₹16,999",33%,4.3,"8,359",479
"Samsung Galaxy S24 5G Snapdragon (Cobalt Violet, 256 GB)","₹45,999",42%,4.6,"46,887","2,583"
"OPPO F29 PRO (marval White, 256 GB)","₹20,500",41%,4.6,76,7
"realme P3 Pro 5G (Saturn Brown, 256 GB)","₹23,999",27%,4.4,"3,985",291
"Nothing Phone (3a) Lite (Blue, 128 GB)","₹20,999",8%,4.5,205,19
"Samsung Galaxy A07 LTE (Black, 64 GB)","₹7,210",31%,4.4,31,1
"Google Pixel 10 (Indigo, 256 GB)","₹79,999",,4.5,"1,217",80
"Samsung Galaxy F36 5G (Black, 256 GB)","₹21,499",28%,4.2,"4,179",287
"Samsung Galaxy S24 5G Snapdragon (Onyx Black, 256 GB)","₹45,999",42%,4.6,"46,887","2,583"
"Google Pixel 10 (Frost, 256 GB)","₹79,999",,4.5,"1,217",80
"realme 70 TURBO 5G (Turbo Purple, 128 GB)","₹15,628",21%,4.3,"6,406",477
"OPPO F31 5G (Cloud Green, 128 GB)","₹24,999",10%,4.3,"1,263",68
"Samsung Galaxy M07 (Black, 64 GB)","₹7,390",26%,3.8,13,0
"OPPO A5x (Laser White, 64 GB)","₹8,999",30%,4.2,90,5
"Samsung Galaxy S24 5G Snapdragon (Amber Yellow, 128 GB)","₹40,999",45%,4.6,"46,887","2,583"
"Samsung Galaxy S24 5G Snapdragon (Marble Gray, 256 GB)","₹45,999",42%,4.6,"46,887","2,583"
"Motorola Edge 50 Pro 5G with 68W Charger (Black Beauty, 256 GB)","₹25,999",38%,4.4,"34,568","2,988"
"Samsung Galaxy S25 Ultra 5G (Titanium Silverblue, 256 GB)","₹1,07,985",16%,4.6,"2,499",255
"Google Pixel 10 (Lemongrass, 256 GB)","₹79,999",,4.5,"1,217",80
"Samsung Galaxy S24 5G Snapdragon (Amber Yellow, 256 GB)","₹45,999",42%,4.6,"46,887","2,583"
"Samsung Galaxy A07 LTE (Light Violet, 64 GB)","₹7,399",29%,4.4,31,1
"Samsung Galaxy S25 Ultra 5G (Titanium Whitesilver, 256 GB)","₹1,07,756",17%,4.6,"2,499",255
"Samsung Galaxy S25 5G (Icyblue, 256 GB)","₹74,999",7%,4.6,"2,762",311
"Ai+ Pulse (Pink, 64 GB)","₹5,999",25%,4.3,"38,924","2,401"
"Samsung Galaxy S24 Ultra 5G (Titanium Gray, 256 GB)","₹98,999",26%,4.6,"7,359",545
"OPPO Reno13 5G (Sky Blue, 256 GB)","₹31,989",27%,4.4,"4,837",518
"Xiaomi 14 CIVI (Cruise Blue, 256 GB)","₹28,999",47%,4.3,"1,754",215
"REDMI 13 5G (Hawaiian Blue, 128 GB)","₹13,999",30%,4.2,"14,263",753
"MOTOROLA Edge 60 Pro (Pantone Walnut, 256 GB)","₹33,999",17%,4.3,"12,995","1,075"
"Samsung Galaxy A36 5G (Awesome Black, 128 GB)","₹27,865",22%,4.3,"1,708",130
"OPPO A3x 5G (Starry Purple, 64 GB)","₹12,999",13%,4.2,"5,108",195
"Samsung Galaxy A17 5G (Blue, 256 GB)","₹22,385",15%,4.3,273,11
"realme 13 Pro 5G (Monet Gold, 512 GB)","₹25,899",26%,4.3,"1,141",75
"OPPO A6x 5G (Olive Green, 128 GB)","₹13,499",15%,4.8,13,0
"Samsung Galaxy S24 5G Snapdragon (Onyx Black, 256 GB)","₹45,999",42%,4.6,"46,887","2,583"
"Google Pixel 10 (Frost, 256 GB)","₹79,999",,4.5,"1,227",80
"Samsung Galaxy A16 5G (Light Green, 128 GB)","₹17,499",18%,4.2,"3,836",204
"vivo V60 5G (Auspicious Gold, 256 GB)","₹40,599",11%,4.5,"1,167",95
"Samsung Galaxy S24 5G Snapdragon (Marble Gray, 256 GB)","₹45,999",42%,4.6,"46,887","2,583"
"Samsung Galaxy S24 5G Snapdragon (Amber Yellow, 128 GB)","₹40,999",45%,4.6,"46,887","2,583"
"POCO X7 5G (Glacier Green, 128 GB)","₹17,999",28%,4.3,"27,693","2,095"
"vivo Y31 Pro 5G (Dreamy White, 256 GB)","₹20,999",17%,4.4,192,10
"vivo Y31 Pro 5G (Mocha Brown, 256 GB)","₹20,999",17%,4.4,192,10
"realme 13 Pro+ 5G (Monet Gold, 256 GB)","₹26,999",30%,4.4,"10,441",967
"Google Pixel 10 (Lemongrass, 256 GB)","₹79,999",,4.5,"1,227",80
"Samsung Galaxy S24 5G Snapdragon (Amber Yellow, 256 GB)","₹45,999",42%,4.6,"46,887","2,583"
"realme 13 Pro+ 5G (Emerald Green, 256 GB)","₹25,999",29%,4.4,"17,169","1,672"
"OPPO A3x 5G (Starlight White, 64 GB)","₹14,999",,4.2,"5,108",195
"REDMI 14C 5G (Stardust Purple, 128 GB)","₹11,999",20%,4.2,"8,833",442
"OPPO F31 5G (Cloud Green, 256 GB)","₹26,999",10%,4.3,"1,263",68
"Samsung Galaxy F15 5G (Jazzy Green, 128 GB)","₹16,999",,4.2,"35,798","2,641"
"REDMI A5 (Jaisalmer Gold, 128 GB)","₹7,999",20%,4.2,"4,349",221
"Samsung Galaxy F17 5G (Violet Pop, 128 GB)","₹14,499",19%,4.1,57,5
"OPPO F31 5G (Midnight Blue, 128 GB)","₹24,999",10%,4.3,"1,263",68
"REDMI Note-14 Pro+ 5G (Spectre Blue, 256 GB)","₹26,900",27%,4.4,470,26
"Samsung Galaxy F56 5G (Green, 256 GB)","₹24,999",26%,4.4,231,15
"OPPO F31 Pro+ 5G (Himalayan White, 256 GB)","₹34,999",12%,4.3,260,13
"REDMI 13C (Starfrost White, 256 GB)","₹11,500",11%,4.1,"1,806",92
"Samsung Galaxy S24 5G Snapdragon (Onyx Black, 256 GB)","₹45,999",42%,4.6,"46,887","2,583"
"Google Pixel 10 (Frost, 256 GB)","₹79,999",,4.5,"1,217",80
"vivo Y22 (Metaverse Green, 64 GB)","₹10,990",38%,4.3,"2,473",143
"vivo Y22 (Starlit Blue, 128 GB)","₹13,499",28%,4.3,"2,473",143
"REDMI 13 5G (Orchid Pink, 128 GB)","₹13,999",30%,4.2,"14,263",753
"realme 13 5G (Dark Purple, 128 GB)","₹15,790",28%,4.3,"1,431",65
"Samsung Galaxy S24 5G Snapdragon (Marble Gray, 256 GB)","₹45,999",42%,4.6,"46,887","2,583"
"Samsung Galaxy S24 5G Snapdragon (Amber Yellow, 128 GB)","₹40,999",45%,4.6,"46,887","2,583"
"realme 13 5G (Speed Green, 128 GB)","₹15,490",29%,4.3,"1,431",65
"realme 13 Pro+ 5G (Monet Purple, 256 GB)","₹25,690",30%,4.4,"17,169","1,672"
"Google Pixel 10 (Lemongrass, 256 GB)","₹79,999",,4.5,"1,217",80
"Samsung Galaxy S24 5G Snapdragon (Amber Yellow, 256 GB)","₹45,999",42%,4.6,"46,887","2,583"
"REDMI 14C 5G (Stargaze Black, 128 GB)","₹10,499",25%,4.2,"8,463",427
"REDMI 14C 5G (Stardust Purple, 64 GB)","₹9,499",26%,4.2,"8,463",427
"REDMI 14C 5G (Starlight Blue, 128 GB)","₹10,499",25%,4.2,"8,463",427
"Samsung Galaxy F55 5G (Apricot Crush, 128 GB)","₹19,999",31%,4,"3,169",253
"POCO C85 5G (Spring Green, 128 GB)","₹14,499",14%,4.9,7,2
"REDMI A5 (Pondicherry Blue, 64 GB)","₹6,999",22%,4.1,"6,205",295
"Google Pixel 6a (Chalk, 128 GB)","₹25,999",40%,4.3,"76,025","8,526"
"vivo X200 FE (Frost Blue, 512 GB)","₹59,999",7%,4.6,736,94
"Samsung Galaxy A16 5G (Blue Black, 128 GB)","₹15,946",20%,4.2,"4,094",181
"LAVA Shark (Titanium Gold, 64 GB)","₹7,099",8%,4.1,174,8
"vivo Y19 5G (Titanium Silver, 128 GB)","₹12,999",21%,4.2,281,8
"vivo Y19 5G (Majestic Green, 128 GB)","₹12,999",21%,4.2,281,8
"REDMI Note 13 Pro+ 5G (Fusion Black, 256 GB)","₹26,490",26%,4.3,"11,908","1,023"
"itel A90 (Starlit Black, 64 GB)","₹6,490",21%,4.2,118,6
"Samsung Galaxy S24 5G Snapdragon (Onyx Black, 256 GB)","₹45,999",42%,4.6,"46,887","2,583"
"Google Pixel 10 (Frost, 256 GB)","₹79,999",,4.5,"1,217",80
"Samsung Galaxy S25 Edge 5G (Titanium Silver, 256 GB)","₹89,999",18%,4.8,51,2
"LAVA Storm Play 5G (Dune Titanium, 128 GB)","₹11,249",16%,4.2,139,9
"Samsung Galaxy S24 5G Snapdragon (Marble Gray, 256 GB)","₹45,999",42%,4.6,"46,887","2,583"
"Samsung Galaxy S24 5G Snapdragon (Amber Yellow, 128 GB)","₹40,999",45%,4.6,"46,887","2,583"
"OPPO F27 Pro+ (Dusk Pink, 256 GB)","₹27,999",20%,4.4,"16,280",691
"Samsung Galaxy A16 5G (Gold, 128 GB)","₹15,980",25%,4.2,"3,836",204
"vivo Y400 Pro 5G (Nebula Purple, 256 GB)","₹27,999",12%,4.4,"1,227",62
"Infinix GT 30 5G+ Pulse Green 128 (Pulse Green, 128 GB)","₹19,499",22%,4.5,302,16
"Google Pixel 10 (Lemongrass, 256 GB)","₹79,999",,4.5,"1,217",80
"Samsung Galaxy S24 5G Snapdragon (Amber Yellow, 256 GB)","₹45,999",42%,4.6,"46,887","2,583"
"Samsung Galaxy A16 5G (Blue Black, 128 GB)","₹17,480",18%,4.2,"3,836",204
"OPPO F31 Pro 5G (Desert Gold, 256 GB)","₹31,999",11%,4.1,85,5
"OPPO A5x (Midnight Blue, 64 GB)","₹8,999",30%,4.2,90,5
"REDMI 14C 5G (Stargaze Black, 64 GB)","₹9,998",23%,4.2,"8,463",427
"REDMI A5 (Just Black, 128 GB)","₹7,999",20%,4.2,"4,349",221
"Apple iPhone 14 Plus (Blue, 128 GB)","₹69,900",,4.6,"86,783","4,756"
"OPPO F31 Pro 5G (Desert Gold, 128 GB)","₹27,999",12%,4.3,588,50
"vivo Y400 Pro 5G (Freestyle White, 128 GB)","₹25,999",13%,4.4,"1,227",62
"Samsung Galaxy S24 5G Snapdragon (Onyx Black, 256 GB)","₹45,999",42%,4.6,"46,887","2,583"
"Google Pixel 10 (Frost, 256 GB)","₹79,999",,4.5,"1,217",80
"Samsung Galaxy A06 5G (Light Green, 128 GB)","₹10,999",29%,4.1,"2,370",142
"vivo Y400 Pro 5G (Fest Gold, 128 GB)","₹25,999",13%,4.4,"1,227",62
"Samsung Galaxy S24 5G Snapdragon (Marble Gray, 256 GB)","₹45,999",42%,4.6,"46,887","2,583"
"Samsung Galaxy S24 5G Snapdragon (Amber Yellow, 128 GB)","₹40,999",45%,4.6,"46,887","2,583"
"Alcatel V3 Ultra 5G (Ocean Grey, 128 GB)","₹15,999",46%,4.3,294,30
"realme GT 8 Pro (Diary White, 512 GB)","₹78,999",9%,4.7,39,15
"LAVA Yuva 3 with Dual Sim|5000 mAh Battery|13MP Rear Camera |Expandable Upto 512 GB (Cosmic Lavender, ...","₹6,890",13%,3.9,528,24
"OPPO A3x 5G (Sparkle Black, 64 GB)","₹11,999",20%,4.2,"5,108",195
"Google Pixel 10 (Lemongrass, 256 GB)","₹79,999",,4.5,"1,217",80
"Samsung Galaxy S24 5G Snapdragon (Amber Yellow, 256 GB)","₹45,999",42%,4.6,"46,887","2,583"
"OPPO A5x 5G (Midnight Blue, 128 GB)","₹12,499",26%,4.3,441,12
"vivo Y300 Plus 5G (Silk Black, 128 GB)","₹23,999",20%,4.4,411,24
"OPPO A3 5G (Ocean Blue, 128 GB)","₹13,879",30%,4.2,"1,460",65
"Alcatel V3 Ultra 5G (Champagne Gold, 128 GB)","₹15,999",46%,4.3,294,30
"vivo V50 5G (Titanium Grey, 256 GB)","₹34,999",18%,4.5,"8,000",651
"Ai+ Nova 5G (Pink, 128 GB)","₹9,999",23%,3.9,"3,144",286
"Samsung Galaxy A36 5G (Awesome Lavender, 256 GB)","₹31,499",25%,4.3,"1,708",130
"realme GT 8 Pro (Urban Blue, 256 GB)","₹72,999",8%,4.8,40,28
"vivo T3 Lite 5G (Vibrant Green, 128 GB)","₹10,499",27%,4.4,"73,031","2,368"
"vivo T3 Lite 5G (Vibrant Green, 128 GB)","₹11,499",25%,4.4,"1,07,540","3,644"
"REDMI 13c 5G (Startrail Green, 128 GB)","₹9,654",31%,4.3,"47,081","1,847"
"Tecno Spark 30C 5G (Aurora Cloud, 64 GB)","₹9,999",16%,4.1,"1,114",49
"Samsung Galaxy S25 Plus 5G (Silver Shadow, 256 GB)","₹74,999",25%,4.7,213,32
"OPPO A6x 5G (Olive Green, 128 GB)","₹14,999",14%,4.1,12,0
"Samsung Galaxy S24 5G Snapdragon (Marble Gray, 128 GB)","₹40,999",45%,4.6,"46,887","2,583"
"realme P4x 5G (Matte Silver, 128 GB)","₹15,999",11%,4.4,"2,128",233
"Ai+ Nova 5G (Green, 128 GB)","₹9,999",23%,3.9,"3,144",286
"realme GT 7T (IceSense Blue, 256 GB)","₹37,999",11%,4.5,303,28
"OPPO F31 5G (Midnight Blue, 256 GB)","₹26,999",10%,4.3,"1,263",68
"Samsung Galaxy M56 5G (Black, 128 GB)","₹21,499",30%,4.3,696,47
"Samsung Galaxy A35 5G (Awesome Lilac, 128 GB)","₹18,499",45%,4.4,"64,204","3,720"
"Samsung Galaxy F36 5G (Red, 128 GB)","₹16,999",33%,4.3,"8,359",479
"REDMI A3X (Olive Green, 64 GB)","₹6,979",33%,4.1,"10,121",427
"Samsung Galaxy A36 5G (Awesome Lavender, 256 GB)","₹34,499",24%,4.4,259,18
"Samsung Galaxy F36 5G (Violet, 128 GB)","₹16,999",33%,4.3,"8,359",479
"Samsung Galaxy A35 5G (Awesome Navy, 256 GB)","₹20,499",44%,4.4,"64,204","3,720"
"REDMI A3X (Starry White, 64 GB)","₹7,199",28%,4,"13,157",575
"OPPO A6x 5G (Ice Blue, 128 GB)","₹13,499",15%,4.8,13,0
"Samsung Galaxy A17 5G (Black, 128 GB)","₹17,995",23%,4.3,273,11
"OPPO F31 5G (Bloom Red, 256 GB)","₹26,999",10%,4.3,"1,263",68
"Samsung Galaxy F36 5G (Black, 128 GB)","₹16,999",33%,4.3,"8,359",479
"Samsung Galaxy S24 5G Snapdragon (Cobalt Violet, 256 GB)","₹45,999",42%,4.6,"46,887","2,583"
"Ai+ Nova 5G (Sparkle Red, 128 GB)","₹9,999",23%,3.9,"3,144",286
"OPPO A6x 5G (Ice Blue, 64 GB)","₹12,499",13%,4.8,13,0
"Google Pixel 10 (Indigo, 256 GB)","₹79,999",,4.5,"1,217",80
"Samsung Galaxy F36 5G (Black, 256 GB)","₹21,499",28%,4.2,"4,179",287
"Apple iPhone 16 (Ultramarine, 256 GB)","₹79,900",,4.6,"1,94,818","6,209"
"OPPO Reno11 5G (Rock Grey, 128 GB)","₹27,989",28%,4.3,"11,545","1,058"
"REDMI 13 5G (Orchid Pink, 128 GB)","₹12,499",30%,4.3,"48,446","2,402"
"Tecno Spark 30C 5G (Midnight Shadow, 128 GB)","₹10,499",19%,4.1,"1,114",49
"itel A90 (Starlit Black, 64 GB)","₹6,199",21%,4,7,1
"itel A90 (Space Titanium, 64 GB)","₹6,199",21%,4,7,1
"vivo Y400 5G (Glam White, 128 GB)","₹22,999",11%,4.3,514,20
"Motorola G32 (Satin Silver, 64 GB)","₹10,999",35%,4.2,"47,056","3,961"
"OPPO Reno13 Pro 5G (Graphite Grey, 512 GB)","₹54,999",9%,4.5,"1,017",128
"realme Gt 7 (Icesense Black, 512 GB)","₹43,999",16%,4.3,244,19
"vivo T3 Lite 5G (Majestic Black, 128 GB)","₹14,999",3%,4.4,"1,07,540","3,644"
"REDMI Note 14 5G (Titan Black, 256 GB)","₹18,220",27%,4.2,"3,540",199
"Tecno Spark 30C 5G (Midnight Shadow, 128 GB)","₹12,999",13%,4.3,120,11
"Tecno Spark 30C 5G (Azure Sky, 128 GB)","₹12,999",13%,4.3,120,11
"Apple iPhone 17 Pro (Cosmic Orange, 256 GB)","₹1,34,900",,4.7,621,46
"REDMI Note 10 Pro (Glacial Blue, 128 GB)","₹19,999",,4.3,"44,541","3,987"
"vivo Y400 5G (Glam White, 256 GB)","₹24,999",10%,4.3,514,20
"realme 14 Pro Lite 5G (Glass Purple, 256 GB)","₹23,999",14%,4.3,724,41
"Samsung Galaxy A06 5G (Light Green, 64 GB)","₹9,690",30%,4.1,"2,370",142
"OnePlus Nord CE 3 Lite 5G (Pastel Lime, 128 GB)","₹18,772",27%,4.4,"1,76,560","8,708"
"Samsung Galaxy M55 5G (Light Green, 256 GB)","₹21,695",38%,4.1,143,11
"LAVA Agni 3 5G (Pristine Glass, 128 GB)","₹16,999",41%,3.8,207,26
"vivo Y400 5G (Olive Green, 256 GB)","₹24,999",10%,4.3,514,20
"realme 13 Pro 5G (Monet Purple, 128 GB)","₹21,378",26%,4.4,"8,072",540
"Google Pixel 10 (Indigo, 256 GB)","₹79,999",,4.5,"1,217",80
"Samsung Galaxy F36 5G (Black, 128 GB)","₹18,499",31%,4.2,"4,179",287
"vivo V50e 5G (Pearl White, 256 GB)","₹26,897",25%,4.4,"3,020",177
"Samsung Galaxy A07 LTE (Green, 64 GB)","₹7,360",29%,4.4,31,1
"Samsung Galaxy F36 5G (Black, 256 GB)","₹21,499",28%,4.2,"4,179",287
"Samsung Galaxy A35 5G (Awesome Iceblue, 128 GB)","₹18,499",45%,4.4,"64,204","3,720"
"Samsung Galaxy S25 5G (Navy, 256 GB)","₹74,999",7%,4.6,"2,762",311
"OPPO F31 5G (Bloom Red, 128 GB)","₹24,999",10%,4.3,"1,263",68
"Tecno Pova Curve 5G (Magic Silver, 128 GB)","₹17,999",10%,4.3,"1,267",133
"Tecno Spark Go 1 (Startrail Black, 64 GB)","₹6,899",19%,4.2,"1,775",82
"Samsung Galaxy A35 5G (Awesome Navy, 128 GB)","₹18,499",45%,4.4,"64,204","3,720"
"Samsung Galaxy S24 5G Snapdragon (Onyx Black, 128 GB)","₹40,999",45%,4.6,"46,887","2,583"
"OPPO F29 5G (Solid Purple, 256 GB)","₹23,999",22%,4.4,"2,600",141
"OPPO A5x 5G (Midnight Blue, 128 GB)","₹13,999",24%,4.4,275,12
"Samsung Galaxy S24 5G Snapdragon (Cobalt Violet, 128 GB)","₹40,999",45%,4.6,"46,887","2,583"
"Samsung Galaxy F36 5G (Violet, 128 GB)","₹18,499",31%,4.2,"4,179",287
"REDMI Note 14 5G (Titan Black, 128 GB)","₹15,390",30%,4.3,"2,999",141
"Infinix GT 30 5G+ Cyber Blue 128 (Cyber Blue, 128 GB)","₹19,499",22%,4.5,214,10
"vivo V60 5G (Mist Gray, 256 GB)","₹44,999",2%,4.5,"1,167",95
"vivo V50e 5G (Pearl White, 128 GB)","₹26,999",20%,4.4,"3,020",177
"Samsung Galaxy F36 5G (Red, 128 GB)","₹18,499",31%,4.2,"4,179",287
"Google Pixel 10 (Obsidian, 256 GB)","₹79,999",,4.5,"1,217",80
"Samsung Galaxy A56 5G (Awesome Olive, 256 GB)","₹41,990",20%,4.4,477,31
"Motorola G32 (Mineral Gray, 64 GB)","₹10,999",35%,4.2,"47,056","3,961"
"REDMI 12 (Pastel Blue, 128 GB)","₹9,490",36%,4.3,"1,11,419","5,610"
"realme C63 (Jade Green, 128 GB)","₹8,999",18%,4.3,"11,893",572
"Xiaomi 14 CIVI (Aqua Blue, 512 GB)","₹36,999",38%,4.3,"1,142",105
"Samsung Galaxy M16 5G (Mint Green, 128 GB)","₹16,499",1%,4.2,"1,176",58
"Alcatel V3 Ultra 5G (Champagne Gold, 128 GB)","₹14,999",46%,4,188,24
"realme Gt 7 (Icesense Black, 256 GB)","₹37,999",17%,4.5,260,22
"OPPO RENO 13 5G (LUMINOUS BLUE, IVORY WHITE, 128 GB)","₹27,850",33%,4.2,378,32
"LAVA Shark (Stealth Black, 64 GB)","₹7,099",8%,4.1,174,8
"Tecno Spark 30C 5G (Aurora Cloud, 128 GB)","₹12,999",13%,4.3,120,11
"REDMI Note 14 5G (Mystique White, 128 GB)","₹15,191",30%,4.3,"2,999",141
"Samsung Galaxy A17 5G (Gray, 128 GB)","₹19,929",15%,4.3,273,11
"Motorola G34 5G (Ice Blue, 128 GB)","₹11,999",20%,4.2,"1,48,898","10,009"
"realme C63 5G Charger in the Box (Forest Green, 128 GB)","₹10,999",15%,4.4,"7,072",273
"Tecno Spark Go 1 (Magic Skin Green, 64 GB)","₹6,899",19%,4.2,"1,775",82
"OPPO Reno13 Pro 5G (Graphite Grey, 256 GB)","₹37,782",31%,4.5,"1,017",128
"vivo V50 5G (Titanium Grey, 128 GB)","₹31,998",20%,4.5,"8,000",651
"OPPO A5 5G (Aurora Green, 128 GB)","₹17,999",14%,4.3,104,2
"OPPO A5 5G (Mist White, 128 GB)","₹17,999",14%,4.3,104,2
"realme 13 Pro+ 5G (Monet Purple, 512 GB)","₹27,998",31%,4.4,"10,441",967
"vivo V50 5G (Rose Red, 128 GB)","₹32,500",18%,4.5,"8,000",651
"Apple iPhone 17 Pro Max (Silver, 512 GB)","₹1,69,900",,4.8,396,34
"POCO C85 5G (Mystic Purple, 128 GB)","₹11,999",17%,4.4,38,2
"REDMI Note-14 Pro+ 5G (Titan Black, 512 GB)","₹39,999",,4.4,403,12
"OPPO A5 Pro 5G (Feather Blue, 128 GB)","₹18,999",13%,4.3,649,21
"OPPO A78 (Mist Black, 128 GB)","₹14,990",34%,4.3,"1,168",71
"realme C67 5G (Sunny Oasis, 128 GB)","₹12,499",30%,4.3,"1,403",105
"realme 13 Pro+ 5G (Monet Gold, 256 GB)","₹25,989",29%,4.4,"17,169","1,672"
"Infinix Note 11 (Celestial Snow, 128 GB)","₹14,499",14%,4.2,"11,837","1,303"
"REDMI Note-14 Pro 5G (Phantom Purple, 128 GB)","₹20,990",27%,4.4,485,25
"OPPO A5 Pro 5G (Mocha Brown, 128 GB)","₹18,999",13%,4.3,649,21
"OnePlus Nord 4 5G (Obsidian Midnight, 256 GB)","₹28,490",13%,4.5,"4,664",283
"OPPO F31 Pro 5G (Space Grey, 256 GB)","₹29,999",11%,4.3,588,50
"OPPO F31 Pro 5G (Desert Gold, 256 GB)","₹29,999",11%,4.3,588,50
"Samsung Galaxy A17 5G (Black, 256 GB)","₹22,999",13%,4.3,273,11
"REDMI 13 5G (Hawaiian Blue, 128 GB)","₹12,499",30%,4.3,"48,446","2,402"
"REDMI 15C 5G (Moonlight Blue, 128 GB)","₹14,348",10%,5,4,0
"Samsung Galaxy S24 Exynos 5G (Marble Gray, 256 GB)","₹55,999",30%,4.6,"8,426",443
"OPPO A59 5G (Silk Gold, 128 GB)","₹13,990",22%,4.3,"1,266",59
"Alcatel V3 Ultra 5G (Ocean Grey, 128 GB)","₹14,999",46%,4,188,24
"vivo Y400 Pro 5G (Freestyle White, 256 GB)","₹27,999",12%,4.4,"1,227",62
"vivo Y19 5G (Majestic Green, 128 GB)","₹13,999",6%,4.3,"1,701",67
"Google Pixel 10 Pro (Obsidian, 256 GB)","₹1,09,999",,4.6,316,31
"OnePlus Nord 4 5G (Oasis Green, 256 GB)","₹27,639",18%,4.5,"4,664",283
"REDMI 13C 5G (Starlight Black, 128 GB)","₹9,999",28%,4.3,"47,081","1,847"
"LAVA Blaze Dragon 5G (Golden Mist, 128 GB)","₹9,487",27%,3.9,37,2
"REDMI 13 5G (Black Diamond, 128 GB)","₹12,499",30%,4.3,"48,446","2,402"
"Infinix Note 11 (Graphite Black, 64 GB)","₹12,499",16%,4.3,"39,846","4,606"
"REDMI Note-14 Pro 5G (Phantom Purple, 256 GB)","₹30,999",,4.4,485,25
"OnePlus 11 5G (Marble Odyssey, 256 GB)","₹38,999",40%,4.5,"1,900",159
"OPPO A5x (Midnight Blue, 128 GB)","₹9,999",28%,4.2,90,5
"OPPO Reno10 5G (Ice Blue, 256 GB)","₹26,999",30%,4.3,"43,247","4,976"
"vivo V50 5G (Rose Red, 128 GB)","₹30,799",23%,4.5,"8,000",651
"Samsung Galaxy A26 5G (Awesome White, 128 GB)","₹21,979",21%,4.1,247,28
"OPPO Reno11 Pro 5G (Pearl White, 256 GB)","₹31,899",29%,4.4,"3,881",443
"OnePlus Nord CE 3 Lite 5G (Chromatic Gray, 128 GB)","₹19,999",4%,4.4,"1,76,560","8,708"
"OnePlus Nord CE 3 Lite 5G (Chromatic Gray, 256 GB)","₹21,999",18%,4.4,"1,76,560","8,708"
"OPPO A5 Pro 5G (Feather Blue, 256 GB)","₹20,999",12%,4.3,649,21
"OPPO Reno11 5G (Wave Green, 128 GB)","₹24,999",35%,4.3,"11,545","1,058"
"OnePlus 11 5G (Eternal Green, 128 GB)","₹32,770",42%,4.4,"1,345",128
"Alcatel V3 Ultra 5G (Hyper Blue, 128 GB)","₹15,999",46%,4.3,294,30
"Tecno Pova Curve 5G (Magic Silver, 256 GB)","₹19,999",16%,4.3,"1,267",133
"realme 13 Pro 5G (Emerald Green, 512 GB)","₹25,899",26%,4.3,"1,141",75
"realme Narzo N61 (Vyage Blue, 64 GB)","₹7,599",13%,4.3,"6,387",282
"REDMI Note-14 Pro+ 5G (Titan Black, 256 GB)","₹27,777",24%,4.4,470,26
"vivo Y58 5G (Himalayan Blue, 128 GB)","₹16,999",29%,4.4,"1,443",68
"Redmi 5A (Gold, 32 GB)","₹6,999",,4.4,"6,03,397","63,614"
"REDMI Note 14 Pro 5G (Titan Black, 128 GB)","₹20,720",28%,4.3,"5,258",370
"Samsung Galaxy Z Fold5 (Icy Blue, 256 GB)","₹95,999",40%,4.5,617,36
"Samsung Galaxy S25 Edge 5G (Titanium Jetblack, 256 GB)","₹89,999",18%,4.8,51,2
"Samsung Galaxy S24 Exynos 5G (Marble Gray, 128 GB)","₹49,999",33%,4.6,"8,426",443
"Tecno Pova Curve 5G (Cyber Orange, 128 GB)","₹17,999",10%,4.3,"1,267",133
"Tecno Pova Curve 5G (Neon Cyan, 256 GB)","₹19,999",16%,4.3,"1,267",133
"REDMI Note-14 Pro 5G (Ivy Green, 128 GB)","₹21,748",25%,4.4,485,25
"realme Narzo 80 Pro 5G (Speed Silver, 256 GB)","₹21,780",16%,4.5,799,41
"Redmi 5A (Blue, 16 GB)","₹5,999",,4.5,"78,276","8,567"
"Apple iPhone 17 Pro (Silver, 512 GB)","₹1,54,900",,4.7,621,46
"realme C67 5G (Sunny Oasis, 128 GB)","₹11,499",32%,4.4,"7,973",528
"realme P1 Pro 5G (Parrot Blue, 256 GB)","₹16,999",34%,4.5,"31,477","1,982"
"OPPO F25 Pro 5G (Coral Purple, 128 GB)","₹23,999",17%,4.3,"6,897",497
"realme C63 5G Charger in the Box (Forest Green, 128 GB)","₹10,999",21%,4.5,"24,849",740
"Samsung Galaxy A17 5G (Black, 128 GB)","₹18,909",19%,4.3,273,11
"realme GT 6T 5G (Miracle Purple, 256 GB)","₹28,790",20%,4.5,"3,389",249
"REDMI A3 (Midnight Black, 128 GB)","₹7,999",27%,4.2,"2,061",82
"realme 13 Pro 5G (Monet Gold, 128 GB)","₹21,388",26%,4.4,"8,072",540
"LAVA Yuva Smart (Glossy Lavender, 64 GB)","₹6,499",2%,4,265,15
"IQOO Z10 5G (Glacier Silver / Silver, 256 GB)","₹27,997",6%,4.4,"1,056",60
"OPPO F31 Pro+ 5G (Festival Pink, 256 GB)","₹32,999",13%,4.4,255,27
"realme 14 Pro Lite 5G (Glass Gold, 256 GB)","₹23,999",14%,4.3,724,41
"realme 12+ 5G (Pioneer Green, 128 GB)","₹20,999",12%,4.3,"20,584","1,804"
"realme C75 5G (Lily White, 128 GB)","₹12,339",22%,4.2,"1,184",68
"Samsung Galaxy A05s (Light Green, 128 GB)","₹10,999",37%,4.2,246,11
"realme 14X 5G (JWEL RED, 128 GB)","₹14,990",11%,4.3,"13,686",669
"realme GT 6T 5G (Fluid Silver, 256 GB)","₹31,446",17%,4.5,"1,267",108
"OnePlus Nord 4 5G (Mercurial Silver, 256 GB)","₹30,990",13%,4.5,720,31
"Samsung Galaxy M16 5G (Blush Pink, 128 GB)","₹17,499",,4.3,217,9
"OPPO F31 Pro 5G (Space Grey, 128 GB)","₹27,999",12%,4.3,588,50
